<?xml version="1.0" encoding="UTF-8"?>
<!DOCTYPE mapper PUBLIC "-//mybatis.org//DTD Mapper 3.0//EN" "http://mybatis.org/dtd/mybatis-3-mapper.dtd">

<mapper namespace="rec_memo">

	<!-- 메모 리스트 조회 selectList -->
	<select id="selectList" parameterType="map" resultType="map">
		/* 메모 리스트 조회 selectList */
		select 
			A.memo_seq
			,A.regi_id
			,A.regi_name
			,A.memo_text
			,to_char(A.regi_datm, 'YYYY-MM-DD HH24:MI:SS') as regi_datm
			,A.regi_ip
		from tbl_record_memo A 
		inner join tbl_user B on A.regi_id = B.user_id
		where A.rec_datm = #{rec_datm}::timestamp 
		and A.local_no = #{local_no} 
		and A.rec_filename = #{rec_filename}
		<if test='_user_level!=null and _user_level!="" and _user_level>"A"'>
			<choose>
				<when test='_user_level=="B"'>
					and B.bpart_code = #{_bpart_code} 
					and B.user_level >= #{_user_level}
				</when>
				<when test='_user_level=="C"'>
					and B.bpart_code = #{_bpart_code} 
					and B.mpart_code = #{_mpart_code} 
					and B.user_level >= #{_user_level}
				</when>
				<when test='_user_level=="D"'>
					and B.bpart_code = #{_bpart_code} 
					and B.mpart_code = #{_mpart_code} 
					and B.spart_code = #{_spart_code} 
					and B.user_level >= #{_user_level}
				</when>
				<when test='_user_level=="E"'>
					and A.regi_id = #{_user_id}
				</when>
			</choose>
		</if>
		order by A.memo_seq desc
	</select>
	
	<!-- 메모 등록 insertMemo -->
	<insert id="insertMemo" parameterType="map">
		/* 메모 등록 insertMemo */
		insert into tbl_record_memo (
			rec_datm,local_no,rec_filename,regi_id,regi_name,memo_text,regi_datm,regi_ip
		) values (
			#{rec_datm}::timestamp,#{local_no},#{rec_filename},#{regi_id},#{regi_name},#{memo_text}, current_timestamp(3),#{regi_ip}
		)
	</insert>
	
	<!-- 녹취 이력에 메모 건수 업데이트 updateMemoCnt -->
	<update id="updateMemoCnt" parameterType="map">
		/* 녹취 이력에 메모 건수 업데이트 updateMemoCnt */
		update tbl_record
		<set>
			<if test='step=="I"'>memo_cnt = coalesce(memo_cnt, 0)+1</if>
			<if test='step=="D"'>memo_cnt = coalesce(memo_cnt, 0)-1</if>
		</set>
		where rec_datm = #{rec_datm}::timestamp 
		and local_no = #{local_no} 
		and rec_filename = #{rec_filename}
	</update>	
	
	<!-- 메모 삭제 deleteMemo -->
	<delete id="deleteMemo" parameterType="map">
		/* 메모 삭제 deleteMemo */
		delete from tbl_record_memo
		where memo_seq = #{memo_seq}::int 
		and rec_datm = #{rec_datm}::timestamp 
		and local_no = #{local_no} 
		and rec_filename = #{rec_filename}
		<if test='_user_level!=null and _user_level!="" and _user_level>"B"'>
		and regi_id = #{regi_id}
		</if>
	</delete>
	
</mapper>