<?xml version="1.0" encoding="UTF-8"?>
<!DOCTYPE mapper PUBLIC "-//mybatis.org//DTD Mapper 3.0//EN" "http://mybatis.org/dtd/mybatis-3-mapper.dtd">

<mapper namespace="stat_user">

	<!-- 상담원별 통계 > 평가점수(차수세로) selectList -->
	<select id="selectList" parameterType="map" resultType="map">
		/* 상담원별 통계 - 평가점수(차수세로) selectList */
		select 
			user_id
			,max(user_name) as user_name
			,bpart_code
			,mpart_code
			,spart_code
			,max(bpart_name) as bpart_name
			,max(mpart_name) as mpart_name
			,max(spart_name) as spart_name
			,count(*) as tot_eval_cnt
			,sum(eval_score) as tot_eval_score
			,sum(exam_score) as tot_exam_score
			,sum(add_score) as tot_add_score
			,sum(case eval_rate_code when '1' then 1 
					else 0 end) as tot_best_cnt
			,sum(case eval_rate_code when '2' then 1 
					else 0 end) as tot_worst_cnt
		from tbl_eval_event_result_list A
		where eval_status = '9' --평가완료
		and event_code in (select event_code from tbl_eval_event 
							where event_status = '5') --마감
		<if test='eval_date1!=null and eval_date1!=""'>
		and regi_datm >= (#{eval_date1} || ' 00:00:00.000')::timestamp
		</if>
		<if test='eval_date2!=null and eval_date2!=""'>
		and (#{eval_date2} || ' 23:59:59.997')::timestamp >= regi_datm
		</if>
		<if test='event_code!=null and event_code!=""'>
		and event_code = #{event_code}
		</if>
		<if test='sheet_code!=null and sheet_code!=""'>
		and sheet_code = #{sheet_code}
		</if>
		<if test='bpart_code!=null and bpart_code!=""'>
		and bpart_code = #{bpart_code}
		</if>
		<if test='mpart_code!=null and mpart_code!=""'>
		and mpart_code = #{mpart_code}
		</if>
		<if test='spart_code!=null and spart_code!=""'>
		and spart_code = #{spart_code}
		</if>
		<if test='eval_user_name!=null and eval_user_name!=""'>
		and eval_user_name like #{eval_user_name} || '%'
		</if>
		<if test='user_name!=null and user_name!=""'>
		and user_name like #{user_name} || '%'
		</if>
		group by user_id, bpart_code , mpart_code, spart_code, eval_order
		order by ${sort_idx} ${sort_dir}
	</select>

	<!-- 상담원별 통계 > 평가점수(차수가로) selectListAllOrder -->
	<select id="selectListAllOrder" parameterType="map" resultType="map">
		/* 상담원별 통계 - 평가점수(차수가로) selectListAllOrder */
		select 
			user_id
			,max(user_name) as user_name
			,bpart_code
			,mpart_code
			,spart_code
			,max(bpart_name) as bpart_name
			,max(mpart_name) as mpart_name
			,max(spart_name) as spart_name
			,sum(tot_eval_cnt) as tot_eval_cnt
			,max(cnt1) as cnt1
			,max(cnt2) as cnt2
			,max(cnt3) as cnt3
			,max(cnt4) as cnt4
			,max(cnt5) as cnt5
			,max(sum1) as sum1
			,max(sum2) as sum2
			,max(sum3) as sum3
			,max(sum4) as sum4
			,max(sum5) as sum5
			,sum(tot_eval_score) as tot_eval_score
			,sum(tot_exam_score) as tot_exam_score
			,sum(tot_add_score) as tot_add_score
			,sum(tot_best_cnt) as tot_best_cnt
			,sum(tot_worst_cnt) as tot_worst_cnt
		from (select 
				user_id
				,max(user_name) as user_name
				,bpart_code
				,mpart_code
				,spart_code
				,max(bpart_name) as bpart_name
				,max(mpart_name) as mpart_name
				,max(spart_name) as spart_name
				,count(*) as tot_eval_cnt
				,sum(eval_score) as tot_eval_score
				,sum(exam_score) as tot_exam_score
				,sum(add_score) as tot_add_score
				,sum(case eval_rate_code when '1' then 1 
						else 0 end) as tot_best_cnt
				,sum(case eval_rate_code when '2' then 1 
						else 0 end) as tot_worst_cnt
				,case eval_order when 1 then count(*) 
					else 0 end as cnt1
				,case eval_order when 2 then count(*) 
					else 0 end as cnt2
				,case eval_order when 3 then count(*) 
					else 0 end as cnt3
				,case eval_order when 4 then count(*) 
					else 0 end as cnt4
				,case eval_order when 5 then count(*) 
					else 0 end as cnt5
				,case eval_order when 1 then sum(eval_score) 
					else 0 end as sum1
				,case eval_order when 2 then sum(eval_score) 
					else 0 end as sum2
				,case eval_order when 3 then sum(eval_score) 
					else 0 end as sum3
				,case eval_order when 4 then sum(eval_score) 
					else 0 end as sum4
				,case eval_order when 5 then sum(eval_score) 
					else 0 end as sum5
			from tbl_eval_event_result_list A
			where eval_status = '9' --평가완료
			and event_code in (select event_code from tbl_eval_event 
								where event_status = '5') --마감
			<if test='eval_date1!=null and eval_date1!=""'>
			and regi_datm >= (#{eval_date1} || ' 00:00:00.000')::timestamp
			</if>
			<if test='eval_date2!=null and eval_date2!=""'>
			and (#{eval_date2} || ' 23:59:59.997')::timestamp >= regi_datm
			</if>
			<if test='event_code!=null and event_code!=""'>
			and event_code = #{event_code}
			</if>
			<if test='sheet_code!=null and sheet_code!=""'>
			and sheet_code = #{sheet_code}
			</if>
			<if test='bpart_code!=null and bpart_code!=""'>
			and bpart_code = #{bpart_code}
			</if>
			<if test='mpart_code!=null and mpart_code!=""'>
			and mpart_code = #{mpart_code}
			</if>
			<if test='spart_code!=null and spart_code!=""'>
			and spart_code = #{spart_code}
			</if>
			<if test='eval_user_name!=null and eval_user_name!=""'>
			and eval_user_name like #{eval_user_name} || '%'
			</if>
			<if test='user_name!=null and user_name!=""'>
			and user_name like #{user_name} || '%'
			</if>
			group by user_id, bpart_code , mpart_code, spart_code, eval_order
		) AA
		group by user_id, bpart_code , mpart_code, spart_code
		order by ${sort_idx} ${sort_dir}
	</select>

	<!-- 상담원별 통계 > 평가항목 selectListItem -->
	<select id="selectListItem" parameterType="map" resultType="map">
		/* 상담원별 통계 - 평가항목 selectListItem */
		select 
			user_id
			,max(user_name) as user_name
			,eval_order
			,bpart_code
			,mpart_code
			,spart_code
			,max(bpart_name) as bpart_name
			,max(mpart_name) as mpart_name
			,max(spart_name) as spart_name
			,count(*) as tot_eval_cnt
			,sum(eval_score) as tot_eval_score
			,sum(exam_score) as tot_exam_score
			,sum(add_score) as tot_add_score
			,sum(case eval_rate_code when '1' then 1 
					else 0 end) as tot_best_cnt
			,sum(case eval_rate_code when '2' then 1 
					else 0 end) as tot_worst_cnt
		from tbl_eval_event_result_list A
		where eval_status = '9'
		and event_code in (select event_code from tbl_eval_event 
							where event_status = '5')
		<if test='eval_date1!=null and eval_date1!=""'>
		and regi_datm >= (#{eval_date1} || ' 00:00:00.000')::timestamp
		</if>
		<if test='eval_date2!=null and eval_date2!=""'>
		and (#{eval_date2} || ' 23:59:59.997')::timestamp >= regi_datm
		</if>
		<if test='event_code!=null and event_code!=""'>
		and event_code = #{event_code}
		</if>
		<if test='sheet_code!=null and sheet_code!=""'>
		and sheet_code = #{sheet_code}
		</if>
		<if test='bpart_code!=null and bpart_code!=""'>
		and bpart_code = #{bpart_code}
		</if>
		<if test='mpart_code!=null and mpart_code!=""'>
		and mpart_code = #{mpart_code}
		</if>
		<if test='spart_code!=null and spart_code!=""'>
		and spart_code = #{spart_code}
		</if>
		<if test='eval_user_name!=null and eval_user_name!=""'>
		and eval_user_name like #{eval_user_name} || '%'
		</if>
		<if test='user_name!=null and user_name!=""'>
		and user_name like #{user_name} || '%'
		</if>
		group by user_id, bpart_code , mpart_code, spart_code, eval_order
		order by ${sort_idx} ${sort_dir}
	</select>

</mapper>