<?xml version="1.0" encoding="UTF-8"?>
<!DOCTYPE mapper PUBLIC "-//mybatis.org//DTD Mapper 3.0//EN" "http://mybatis.org/dtd/mybatis-3-mapper.dtd">

<mapper namespace="mon_db">

<!-- :::::::::::::::::::::::::::::::::::::::::::::::::::::::::::::: INCLUDE ::::::::::::::::::::::::::::::::::::::::::::::::::::::::::::::  -->

<!-- ::::::::::::::::::::::::::::::::::::::::::::::::::::::::::::::  QUERY  ::::::::::::::::::::::::::::::::::::::::::::::::::::::::::::::  -->

	<!-- 모니터링 리스트 조회 selectList -->
	<select id="selectList" parameterType="map" resultType="lowerMap">
		/* 모니터링 리스트 조회 selectList */
		select 
			cm.state
			,cm.channel
			,cm.system_code
			,cm.login
			,tu.user_id
			,tu.user_name
			,nvl(tu.bpart_code, ' ') as bpart_code
			,nvl(tu.mpart_code, ' ') as mpart_code
			,nvl(tu.spart_code, ' ') as spart_code
			,nvl(cm.ani,' ') as ani
			,cm.phone
			,cm.datetime
			,(lpad(trunc((to_date(to_char(sysdate, 'YYYY-MM-DD HH24:MI:SS'), 'YYYY-MM-DD HH24:MI:SS') - to_date(cm.datetime, 'YYYY-MM-DD HH24:MI:SS'))*24), 2, '0')
				|| ':' || lpad(trunc(mod((to_date(to_char(sysdate, 'YYYY-MM-DD HH24:MI:SS'), 'YYYY-MM-DD HH24:MI:SS') - to_date(cm.datetime, 'YYYY-MM-DD HH24:MI:SS'))*24, 1)*60), 2, '0')
				|| ':' || lpad(trunc(round(mod((to_date(to_char(sysdate, 'YYYY-MM-DD HH24:MI:SS'), 'YYYY-MM-DD HH24:MI:SS') - to_date(cm.datetime, 'YYYY-MM-DD HH24:MI:SS'))*24*60, 1)*60)), 2, '0')
			) as call_time
		    ,ts.system_ip
		    ,nvl(ts.backup_ip, '') as backup_ip
			,cm.inout as rec_inout
			,(select part_name from tbl_user_group 
				where part_depth = 3 
				and bpart_code = tu.bpart_code
				and mpart_code = tu.mpart_code
				and spart_code = tu.spart_code) as spart_name
		from crec_monitoring cm
		inner join tbl_system ts on cm.system_code = ts.system_code
		left join tbl_user tu on (cm.USER_ID = tu.CTI_ID OR cm.USER_ID = tu.USER_ID)
		where 1=1
		<if test='bpart_code!=null and bpart_code!=""'>
		and tu.bpart_code = #{bpart_code}
		</if>
		<if test='mpart_code!=null and mpart_code!=""'>
		and tu.mpart_code = #{mpart_code}
		</if>
		<if test='spart_code!=null and spart_code!=""'>
		and tu.spart_code = #{spart_code}
		</if>
		<if test='local_no!=null and local_no!=""'>
		and cm.phone = #{local_no}
		</if>
		<if test='_user_level!=null and _user_level!="" and _user_level>"A"'>
			<choose>
<!--				<when test='_user_level=="B"'>-->
<!--					and tu.bpart_code = #{_bpart_code}-->
<!--				</when>	-->
<!--				<when test='_user_level=="C"'>-->
<!--					and tu.bpart_code = #{_bpart_code}-->
<!--					and tu.mpart_code = #{_mpart_code}-->
<!--				</when>-->
<!--				<when test='_user_level=="D"'>-->
<!--					and tu.bpart_code = #{_bpart_code}-->
<!--					and tu.mpart_code = #{_mpart_code}-->
<!--					and tu.spart_code = #{_spart_code}-->
<!--				</when>-->
				<when test='_user_level=="E"'>
					and cm.user_id = #{_user_id}
				</when>
			</choose>
		</if>
		order by 
		<choose>
			<when test='mon_order=="in"'>
				cm.state desc, cm.inout asc
			</when>
			<when test='mon_order=="ot"'>
				cm.state desc, cm.inout desc
			</when>
			<when test='mon_order=="tm"'>
				cm.state desc, cm.datetime desc
			</when>
			<when test='mon_order=="ln"'>
				cm.phone asc
			</when>
			<when test='mon_order=="um"'>
				cm.user_name asc
			</when>
			<otherwise>
				to_number(cm.channel) asc
			</otherwise>
		</choose>
	</select>

	<!-- 녹취전체 건수 및 진행중 건수 조회 selectCountList-->
	<select id="selectCountList" parameterType="map" resultType="lowerMap">
		/* 녹취전체 건수 및 진행중 건수 조회 selectCountList */
		select
			(
			select count(*) from tbl_record	where rec_date = to_char(sysdate,'YYYYMMDD')
			<if test='bpart_code!=null and bpart_code!=""'>
				and bpart_code = #{bpart_code}
			</if>
			<if test='mpart_code!=null and mpart_code!=""'>
				and mpart_code = #{mpart_code}
			</if>
			<if test='spart_code!=null and spart_code!=""'>
				and spart_code = #{spart_code}
			</if>
			) as rec_count
			,(
			select count(*)
			from crec_monitoring cm
			left join tbl_user tu on (cm.USER_ID = tu.CTI_ID OR cm.USER_ID = tu.USER_ID)
			where state = '1'
			<if test='bpart_code!=null and bpart_code!=""'>
				and tu.bpart_code = #{bpart_code}
			</if>
			<if test='mpart_code!=null and mpart_code!=""'>
				and tu.mpart_code = #{mpart_code}
			</if>
			<if test='spart_code!=null and spart_code!=""'>
				and tu.spart_code = #{spart_code}
			</if>
			) as mon_count
			,to_char(sysdate, 'YYYY-MM-DD HH24:MI:SS') as time
		from dual
	</select>
	<!-- 전화번호 조회 -->
	<select id="selectAni" parameterType="map" resultType="lowerMap">
		/*  전화번호 조회  */
		select ani
		from crec_monitoring cm
		where state = '1'
		<if test='phone!=null and phone!=""'>
			and cm.phone = #{phone}
		</if>
	</select>
</mapper>