<?xml version="1.0" encoding="UTF-8"?>
<!DOCTYPE mapper PUBLIC "-//mybatis.org//DTD Mapper 3.0//EN" "http://mybatis.org/dtd/mybatis-3-mapper.dtd">

<mapper namespace="layout">

<!-- :::::::::::::::::::::::::::::::::::::::::::::::::::::::::::::: INCLUDE ::::::::::::::::::::::::::::::::::::::::::::::::::::::::::::::  -->

<!-- ::::::::::::::::::::::::::::::::::::::::::::::::::::::::::::::  QUERY  ::::::::::::::::::::::::::::::::::::::::::::::::::::::::::::::  -->

	<!-- tree 목록 조회 (b/m/s파트) selectExceptUserGroupTree -->
	<select id="selectExceptUserGroupTree" parameterType="map" resultType="lowerMap">
		/* tree 목록 조회 (b/m/s파트) selectExceptUserGroupTree */
		select 
			part_code as id
			,parent_code as parent
			,part_name as text
			,('depth' || part_depth) as type
		from (
			select 
				(business_code || '_' || '${_default_code}' || '_' || '${_default_code}' || '_' || '${_default_code}') as part_code
				,'#' as parent_code
				,business_name as part_name
				,0 as part_depth
			from tbl_business
			where 1=1
		<if test='business_code!=null and business_code!=""'>
			and business_code = #{business_code}
		</if>	
			union all
			select
				(business_code || '_' || bpart_code || '_' || mpart_code || '_' || spart_code)
				,(case part_depth when 1 then business_code || '_' || '${_default_code}' || '_' || '${_default_code}' || '_' || '${_default_code}'
								  when 2 then business_code || '_' || bpart_code || '_' || '${_default_code}' || '_' || '${_default_code}'
								  when 3 then business_code || '_' || bpart_code || '_' || mpart_code || '_' || '${_default_code}'
					else business_code || '_' || bpart_code || '_' || mpart_code || '_' || spart_code
					end) as parent_code  
				, part_name
				, part_depth
			from tbl_user_group
			where use_yn = '1'
		<if test='business_code!=null and business_code!=""'>
			and business_code = #{business_code}
		</if>
		<if test='_user_level!=null and _user_level!="" and _user_level>"B"'>
			<choose>
				<when test='_user_level=="C"'>
					and ( 
						(bpart_code = #{_bpart_code} and mpart_code = #{_default_code} and spart_code = #{_default_code}) or
						(bpart_code = #{_bpart_code} and mpart_code = #{_mpart_code}) 
					)
				</when>
				<when test='_user_level>="D"'>
					and ( 
						(bpart_code = #{_bpart_code} and mpart_code = #{_default_code} and spart_code = #{_default_code}) or
						(bpart_code = #{_bpart_code} and mpart_code = #{_mpart_code} and spart_code = #{_default_code}) or
						(bpart_code = #{_bpart_code} and mpart_code = #{_mpart_code} and spart_code = #{_spart_code}) 
					)
				</when>
			</choose>
		</if>
		) U
		order by part_code
	</select>
	
	<!-- tree 목록 조회 (b/m/s파트, 사용자) selectUserGroupTree -->
	<select id="selectUserGroupTree" parameterType="map" resultType="lowerMap">
		/* tree 목록 조회 (b/m/s파트, 사용자) selectUserGroupTree */
		select 
			part_code as id
			,parent_code as parent
			,part_name as text
			,('depth' || part_depth) as type
		from (
			select 
				(business_code || '_' || '${_default_code}' || '_' || '${_default_code}' || '_' || '${_default_code}') as part_code
				,'#' as parent_code
				,business_name as part_name
				,0 as part_depth
			from tbl_business
			where 1=1
		<if test='business_code!=null and business_code!=""'>
			and business_code = #{business_code}
		</if>
			union all
			select
				(business_code || '_' || bpart_code || '_' || mpart_code || '_' || spart_code)
				,(case part_depth when 1 then business_code || '_' || '${_default_code}' || '_' || '${_default_code}' || '_' || '${_default_code}'
								  when 2 then business_code || '_' || bpart_code || '_' || '${_default_code}' || '_' || '${_default_code}'
								  when 3 then business_code || '_' || bpart_code || '_' || mpart_code || '_' || '${_default_code}'
					else business_code || '_' || bpart_code || '_' || mpart_code || '_' || spart_code
					end) as parent_code  
				,part_name
				,part_depth
			from tbl_user_group
			where use_yn = '1'
		<if test='business_code!=null and business_code!=""'>
			and business_code = #{business_code}
		</if>
		<if test='_user_level!=null and _user_level!="" and _user_level>"A"'>
			<choose>
				<when test='_user_level=="B"'>
					and ( 
						(bpart_code = #{_bpart_code} and mpart_code = #{_default_code} and spart_code = #{_default_code}) or
						(bpart_code = #{_bpart_code}) 
					)
				</when>
				<when test='_user_level=="C"'>
					and ( 
						(bpart_code = #{_bpart_code} and mpart_code = #{_default_code} and spart_code = #{_default_code}) or
						(bpart_code = #{_bpart_code} and mpart_code = #{_mpart_code}) 
					)
				</when>
				<when test='_user_level>="D"'>
					and ( 
						(bpart_code = #{_bpart_code} and mpart_code = #{_default_code} and spart_code = #{_default_code}) or
						(bpart_code = #{_bpart_code} and mpart_code = #{_mpart_code} and spart_code = #{_default_code}) or
						(bpart_code = #{_bpart_code} and mpart_code = #{_mpart_code} and spart_code = #{_spart_code}) 
					)
				</when>
			</choose>
		</if>
			union all
			select 
				A.user_id as part_code
				,(A.business_code || '_' || A.bpart_code || '_' || A.mpart_code || '_' || A.spart_code) as parent_code
				, A.user_name as part_name
				, 4 as part_depth
			from tbl_user A 
			inner join tbl_user_group B on A.bpart_code = B.bpart_code 
										and B.mpart_code = '${_default_code}' 
										and B.spart_code = '${_default_code}'
										and B.use_yn = '1'
			inner join tbl_user_group C on A.bpart_code = C.bpart_code 
										and A.mpart_code = C.mpart_code 
										and C.spart_code = '${_default_code}'
										and C.use_yn = '1'
			inner join tbl_user_group D on A.bpart_code = D.bpart_code 
										and A.mpart_code = D.mpart_code 
										and A.spart_code = D.spart_code
										and D.use_yn = '1'
			where 1=1
			<if test='business_code!=null and business_code!=""'>
			and A.business_code = #{business_code}
			</if>
			<if test='_user_level!=null and _user_level!="" and _user_level>"A"'>
				<choose>
					<when test='_user_level=="B"'>
						and B.bpart_code = #{_bpart_code} 
						and A.user_level >= #{_user_level}
					</when>				
					<when test='_user_level=="C"'>
						and B.bpart_code = #{_bpart_code} 
						and C.mpart_code = #{_mpart_code} 
						and A.user_level >= #{_user_level}
					</when>
					<when test='_user_level=="D"'>
						and B.bpart_code = #{_bpart_code} 
						and C.mpart_code = #{_mpart_code} 
						and D.spart_code = #{_spart_code} 
						and A.user_level >= #{_user_level}
					</when>
					<when test='_user_level>="E"'>
						and A.user_id = #{_user_id}
					</when>
				</choose>
			</if>
		) U
		order by parent_code, part_name
	</select>
	
	<!-- tree 목록 조회 (시스템) selectSystemTree -->
	<select id="selectSystemTree" parameterType="map" resultType="lowerMap">
		/* tree 목록 조회 (시스템) selectSystemTree */
		select 
			system_code as id
			,parent_code as parent
			,system_name as text
			,('depth' || system_depth) as type
		from 
		(
			select 
				(business_code || '00') as system_code
				,'#' parent_code
				,business_name system_name
				,'0' as system_depth
			from tbl_business
			where 1=1
			<if test='business_code!=null and business_code!=""'>
			and business_code = #{business_code}
			</if>
			union all
			select 
				(business_code || system_code) as system_code
				,(business_code || '00') as parent_code
				,system_name
				,'1' as system_depth
			from tbl_system
			where 1=1
			<if test='business_code!=null and business_code!=""'>
				and business_code = #{business_code}
			</if>
			<if test='system_rec!=null and system_rec!=""'>
				and system_rec = #{system_rec}
			</if>
		) U
		order by system_code
	</select>
	
</mapper>