﻿<?xml version="1.0" encoding="UTF-8"?>
<!DOCTYPE mapper PUBLIC "-//mybatis.org//DTD Mapper 3.0//EN" "http://mybatis.org/dtd/mybatis-3-mapper.dtd">

<mapper namespace="login">

<!-- :::::::::::::::::::::::::::::::::::::::::::::::::::::::::::::: INCLUDE ::::::::::::::::::::::::::::::::::::::::::::::::::::::::::::::  -->

<!-- ::::::::::::::::::::::::::::::::::::::::::::::::::::::::::::::  QUERY  ::::::::::::::::::::::::::::::::::::::::::::::::::::::::::::::  -->

	<!-- 사용자 잠금여부 체크 selectLockCheck -->
	<select id="selectLockCheck" parameterType="string" resultType="int">
		/* 사용자 잠금여부 체크 selectLockCheck */
		select count(*) as lock_cnt
		from tbl_login_result
		where login_date = TO_CHAR(SYSDATE, 'YYYY-MM-DD')
		and login_id = #{login_id} 
		and fail_cnt >= 5
	</select>
	
	<!-- 사용자 아이디,비밀번호 체크 selectLoginUser -->
	<select id="selectLoginUser" parameterType="map" resultType="lowerMap">
		/* 사용자 아이디,비밀번호 체크 selectLoginUser */
		select 
			user_id
			,user_name
			,business_code
			,bpart_code
			,mpart_code
			,spart_code
			,user_level
			,nvl(user_level_cd, ' ') as user_level_cd
			,eval_yn
			,nvl(pass_expire_date, '') as pass_expire_date
			,nvl(pass_upd_date, '') as pass_upd_date
			,to_char(sysdate, 'YYYY-MM-DD HH24:MI:SS') as login_datm
			,fn_GetCodeName('USER_LEVEL', user_level) as level_name
			,nvl(user_ip, '') as user_ip
			,(case when login_chk_datm is not null then trunc(sysdate - login_chk_datm)
 				else 0 end ) as login_check_day
			,(case when pass_expire_date is not null then trunc(to_date(pass_expire_date, 'YYYY-MM-DD HH24:MI:SS') - sysdate)
			 	else 0 end ) as pass_check_day
			,' ' as down_ip
			,nvl(rec_down_yn, ' ') as rec_down_yn
			,nvl(lock_yn, '0') as lock_yn
			,nvl(resign_yn, '0') as resign_yn
			,nvl(use_yn,' ') as use_yn
		from tbl_user
		where 1=1 
		and user_id = #{login_id} 
		and user_pass = #{login_pass} 
	</select>
	
	<!-- 사용자 아이디,비밀번호 체크 selectAutoLoginUser -->
	<select id="selectAutoLoginUser" parameterType="map" resultType="lowerMap">
		/* 사용자 아이디,비밀번호 체크 selectAutoLoginUser */
		select
			user_id
			 ,user_name
			 ,business_code
			 ,bpart_code
			 ,mpart_code
			 ,spart_code
			 ,user_level
			 ,nvl(user_level_cd, ' ') as user_level_cd
			 ,eval_yn
			 ,nvl(pass_expire_date, ' ') as pass_expire_date
			 ,nvl(pass_upd_date, ' ') as pass_upd_date
			 ,to_char(sysdate, 'YYYY-MM-DD HH24:MI:SS') as login_datm
			 ,fn_GetCodeName('USER_LEVEL', user_level) as level_name
			 ,nvl(user_ip, ' ') as user_ip
			 ,(case when login_chk_datm is not null then trunc(sysdate - login_chk_datm)
					else 0 end ) as login_check_day
			 ,(case when pass_expire_date is not null then trunc(to_date(pass_expire_date, 'YYYY-MM-DD HH24:MI:SS') - sysdate)
					else 0 end ) as pass_check_day
			 ,' ' as down_ip
			 ,nvl(rec_down_yn, ' ') as rec_down_yn
			 ,nvl(lock_yn, '0') as lock_yn
			 ,nvl(resign_yn, '0') as resign_yn
			 ,nvl(use_yn,' ') as use_yn
		from tbl_user
		where user_id = #{login_id} 
		and lock_yn = '0' 
		and resign_yn = '0' 
		and use_yn = '1'
	</select>		
	
	<!-- 오늘 날짜 로그인 결과 데이터 존재 유무 체크 selectCountLoginResult -->
	<select id="selectCountLoginResult" parameterType="string" resultType="int">
		/* 오늘 날짜 로그인 결과 데이터 존재 유무 체크 selectCountLoginResult */
		select count(*) cnt 
		from tbl_login_result 
		where login_date = to_char(sysdate, 'YYYY-MM-DD') 
		and login_id = #{login_id}
	</select>
	
	<!-- 사용자 아이디,비밀번호 체크 selectSSOLoginUser -->
	<select id="selectSSOLoginUser" parameterType="map" resultType="lowerMap">
		/* 사용자 아이디,비밀번호 체크 selectSSOLoginUser */
		select 
			user_id
			,user_name
			,business_code
			,bpart_code
			,mpart_code
			,spart_code
			,user_level
			,eval_yn
			,nvl(pass_expire_date, '') as pass_expire_date
			,nvl(pass_upd_date, '') as pass_upd_date
			,to_char(sysdate, 'YYYY-MM-DD HH24:MI:SS') as login_date
			,fn_GetCodeName('USER_LEVEL', user_level) as level_name
			,nvl(user_ip, '') as user_ip
			,(case when login_chk_datm is not null then trunc(sysdate - login_chk_datm)
 				else 0 end ) as login_check_day
			,(case when pass_expire_date is not null then trunc(to_date(pass_expire_date, 'YYYY-MM-DD HH24:MI:SS') - sysdate)
			 	else 0 end ) as pass_check_day
			,'' as down_ip
			,rec_down_yn
			,lock_yn
			,resign_yn
			,use_yn
		from tbl_user
		where user_id = #{login_id} 
	</select>
	
	<!-- 사용자 존재 유무 체크 selectIdCheck -->
	<select id="selectIdCheck" parameterType="string" resultType="int">
		/* 사용자 존재 유무 체크 selectIdCheck */
		select count(*) as id_cnt
		from tbl_user
		where user_id = #{login_id}
	</select>
	
<!-- :::::::::::::::::::::::::::::::::::::::::::::::::::::::::::::: INSERT :::::::::::::::::::::::::::::::::::::::::::::::::::::::::::::::  -->
	
	<!-- 오늘 날짜 로그인 결과 신규 등록 insertLoginResult -->
	<insert id="insertLoginResult" parameterType="string">
		insert into tbl_login_result	/* 오늘 날짜 로그인 결과 신규 등록 insertLoginResult */ 
		(
			login_date, login_id, succ_cnt, fail_cnt
		) values (
			to_char(sysdate, 'YYYY-MM-DD'), #{login_id}, 0, 0
		)
	</insert>

<!-- :::::::::::::::::::::::::::::::::::::::::::::::::::::::::::::: UPDATE :::::::::::::::::::::::::::::::::::::::::::::::::::::::::::::::  -->
	
	<!-- 오늘 날짜 로그인 결과 업데이트 updateLoginResult -->
	<update id="updateLoginResult" parameterType="map">
		/* 오늘 날짜 로그인 결과 업데이트 updateLoginResult */
		update tbl_login_result
		<set>
			<if test='login_result=="1"'>succ_cnt = succ_cnt+1</if>
			<if test='login_result=="0"'>fail_cnt = fail_cnt+1</if>
		</set>
		where 1=1
		and login_date = TO_CHAR(SYSDATE, 'YYYY-MM-DD')
		and login_id = #{login_id}
	</update>

	<!-- 상담원 CTI 기준 내선번호 업데이트 updateLoginResult -->
	<update id="updateLocalno" parameterType="map">
		/* 상담원 CTI 기준 내선번호 업데이트 updateLoginResult */
		update tbl_user
		<set>
			<if test='local_no!=null'>local_no = #{local_no},</if>
		</set>
		where cti_id = #{cti_id}
	</update>

	<!-- 내선번호 클리어 업데이트 updateLoginResult -->
	<update id="updateClearLocalno" parameterType="map">
		/* 상담원 CTI 기준 내선번호 업데이트 updateLoginResult */
		update tbl_user
		SET local_no = ' '
		where local_no = #{local_no}
	</update>

	<insert id="insertSoftphone"  parameterType="map">
		/* Softphone Login History */
		insert into tbl_softphone_hist
		(
			rec_mode, local_no, cti_id, rec_keycode, rec_store_code, rec_mystery_code
		) values (
			#{rec_mode}, #{local_no}, #{cti_id}, #{rec_keycode}, #{rec_store_code}, #{rec_mystery_code}
		)
	</insert>
</mapper>