﻿<?xml version="1.0" encoding="UTF-8"?>
<!DOCTYPE mapper PUBLIC "-//mybatis.org//DTD Mapper 3.0//EN" "http://mybatis.org/dtd/mybatis-3-mapper.dtd">

<mapper namespace="rec_conformity">

<!-- :::::::::::::::::::::::::::::::::::::::::::::::::::::::::::::: INCLUDE ::::::::::::::::::::::::::::::::::::::::::::::::::::::::::::::  -->

<!-- ::::::::::::::::::::::::::::::::::::::::::::::::::::::::::::::  QUERY  ::::::::::::::::::::::::::::::::::::::::::::::::::::::::::::::  -->

	<!-- REC CTI 건수 및 비매칭 건수 recCtiCount -->
	<select id="recCtiCount" parameterType="map" resultType="map">
		/* REC CTI 건수 및 비매칭 건수 recCtiCount */
		select
			count(case when (rec_div = 'R') then 1 end) as rec_cnt
			,count(case when (rec_div = 'C') then 1 end) as cti_cnt
			,count(case when (rec_div = 'R' and rec_matchng = 'N') then 1 end) as rec_mis_cnt
			,count(case when (rec_div = 'C' and rec_matchng = 'N') then 1 end) as cti_mis_cnt
		from tbl_record_prvs WITH(NOLOCK)
		where rec_datm between convert(datetime, #{rec_date1} + ' 00:00:00.000') and convert(datetime, #{rec_date2} + ' 23:59:59.997')
		<if test='local_no!=null and local_no!=""'>
		and local_no like #{local_no} + '%'
		</if>
		<if test='tenant_id!=null and tenant_id!=""'>
		and tenant_id = #{tenant_id}
		</if>
		<if test='rec_keycode!=null and rec_keycode!=""'>
		and rec_keycode = #{rec_keycode}
		</if>
		<if test='rec_inout!=null and rec_inout!=""'>
		and rec_inout = #{rec_inout}
		</if>
		<if test='rec_matchng!=null and rec_matchng!=""'>
		and rec_matchng = #{rec_matchng}
		</if>
		<if test='rec_div!=null and rec_div!=""'>
		and rec_div = #{rec_div}
		</if>
		
	</select>

	<!-- 녹취 이력 정합성 갯수 selectCount -->
	<select id="selectCount" parameterType="map" resultType="map">
		/* 녹취 이력 정합성 갯수 selectCount */
		select 
			count(*) as tot_cnt
			,CEILING(CAST(COUNT(*) as float) / ${top_cnt}) as page_cnt
		from tbl_record_prvs WITH(NOLOCK)
		where rec_datm between convert(datetime, #{rec_date1} + ' 00:00:00.000') and convert(datetime, #{rec_date2} + ' 23:59:59.997')
		<if test='local_no!=null and local_no!=""'>
		and local_no like #{local_no} + '%'
		</if>
		<if test='tenant_id!=null and tenant_id!=""'>
		and tenant_id = #{tenant_id}
		</if>
		<if test='rec_keycode!=null and rec_keycode!=""'>
		and rec_keycode = #{rec_keycode}
		</if>
		<if test='rec_inout!=null and rec_inout!=""'>
		and rec_inout = #{rec_inout}
		</if>
		<if test='rec_matchng!=null and rec_matchng!=""'>
		and rec_matchng = #{rec_matchng}
		</if>
		<if test='rec_div!=null and rec_div!=""'>
		and rec_div = #{rec_div}
		</if>		
	</select>

	<!-- 녹취 이력 정합성 조회 selectList -->
	<select id="selectList" parameterType="map" resultType="map">
		/* 녹취 이력 정합성 조회 selectList */
		select 
			(${tot_cnt}-rownum+1) idx
			,*
		from (
			select top ${end_cnt}
				ROW_NUMBER() OVER(order by ${sort_idx} ${sort_dir}) as rownum
				,convert(varchar(10), rec_datm, 121) as rec_date
				,tenant_id
				,(select part_name from tbl_user_group WITH(NOLOCK) 
					where part_depth = 1 
					and bpart_code = trp.tenant_id) as tenant_name
				,local_no
				,convert(varchar(8), rec_call_time, 108) as rec_call_time
				,rec_keycode
				,rec_inout
				,(case rec_div when 'R' then 'REC'
							   when 'C' then 'CTI'
					else rec_div end) as rec_div_nm
			from tbl_record_prvs trp WITH(NOLOCK)
			where rec_datm between convert(datetime, #{rec_date1} + ' 00:00:00.000') and convert(datetime, #{rec_date2} + ' 23:59:59.997')
			<if test='local_no!=null and local_no!=""'>
			and local_no like #{local_no} + '%'
			</if>
			<if test='tenant_id!=null and tenant_id!=""'>
			and tenant_id = #{tenant_id}
			</if>
			<if test='rec_keycode!=null and rec_keycode!=""'>
			and rec_keycode = #{rec_keycode}
			</if>
			<if test='rec_inout!=null and rec_inout!=""'>
			and rec_inout = #{rec_inout}
			</if>
			<if test='rec_matchng!=null and rec_matchng!=""'>
			and rec_matchng = #{rec_matchng}
			</if>
			<if test='rec_div!=null and rec_div!=""'>
			and rec_div = #{rec_div}
			</if>
		) U
		where rownum between ${start_cnt} and ${end_cnt}
		order by rownum asc
	</select>
	
	<!-- 녹취 이력 정합성 엑셀 조회 selectListExcel -->
	<select id="selectListExcel" parameterType="map" resultType="map">
		/* 녹취 이력 정합성 엑셀 조회 selectListExcel */
		select 
			convert(varchar(10), rec_datm, 121) as rec_date
			,tenant_id
			,local_no
			,convert(varchar(8), rec_call_time, 108) as rec_call_time
			,rec_keycode
			,rec_inout
			,(case rec_div when 'R' then 'REC'
						   when 'C' then 'CTI'
				else rec_div end) as rec_div_nm
		from tbl_record_prvs WITH(NOLOCK)
		where rec_datm between convert(datetime, #{rec_date1} + ' 00:00:00.000') and convert(datetime, #{rec_date2} + ' 23:59:59.997')
		<if test='local_no!=null and local_no!=""'>
		and local_no like #{local_no} + '%'
		</if>
		<if test='tenant_id!=null and tenant_id!=""'>
		and tenant_id = #{tenant_id}
		</if>
		<if test='rec_keycode!=null and rec_keycode!=""'>
		and rec_keycode = #{rec_keycode}
		</if>
		<if test='rec_inout!=null and rec_inout!=""'>
		and rec_inout = #{rec_inout}
		</if>
		<if test='rec_matchng!=null and rec_matchng!=""'>
		and rec_matchng = #{rec_matchng}
		</if>
		<if test='rec_div!=null and rec_div!=""'>
		and rec_div = #{rec_div}
		</if>
		order by ${sort_idx} ${sort_dir}
	</select>
	
</mapper>