<?xml version="1.0" encoding="UTF-8"?>
<!DOCTYPE mapper PUBLIC "-//mybatis.org//DTD Mapper 3.0//EN" "http://mybatis.org/dtd/mybatis-3-mapper.dtd">

<mapper namespace="hist_permission">

<!-- :::::::::::::::::::::::::::::::::::::::::::::::::::::::::::::: INCLUDE ::::::::::::::::::::::::::::::::::::::::::::::::::::::::::::::  -->

<!-- ::::::::::::::::::::::::::::::::::::::::::::::::::::::::::::::  QUERY  ::::::::::::::::::::::::::::::::::::::::::::::::::::::::::::::  -->

	<!-- 권한 변경 이력 count selectCount -->
	<select id="selectCount" parameterType="map" resultType="lowerMap">
		/* 권한 변경 이력 count selectCount */
		select 
			count(*) as tot_cnt
			,ceil(count(*) / #{top_cnt}) as page_cnt
		from tbl_permission_hist
		where 1=1
		and change_datm between to_date(#{change_date1} || ' 00:00:00', 'YYYY-MM-DD HH24:MI:SS') and to_date(#{change_date2} || ' 23:59:59', 'YYYY-MM-DD HH24:MI:SS')
		<if test='change_id!=null and change_id!=""'>
		and change_id like #{change_id} || '%'
		</if>
		<if test='change_name!=null and change_name!=""'>
		and change_name like #{change_name} || '%'
		</if>
	</select>
	
	<!-- 권한 변경 이력 조회 selectList -->
	<select id="selectList" parameterType="map" resultType="lowerMap">
		/* 권한 변경 이력 조회 selectList */
		select
			(#{tot_cnt}-rnum+1) as idx
			,X.*
		from 
		(
			select
				rownum as rnum
				,XX.*
			from 
			(
				select
					to_char(change_datm, 'YYYY-MM-DD HH24:MI:SS') as change_datm
					,change_id
					,change_name
					,change_ip
					,origin_desc
					,change_desc
				from tbl_permission_hist
				where 1=1
				and change_datm between to_date(#{change_date1} || ' 00:00:00', 'YYYY-MM-DD HH24:MI:SS') and to_date(#{change_date2} || ' 23:59:59', 'YYYY-MM-DD HH24:MI:SS')
				<if test='change_id!=null and change_id!=""'>
				and change_id like #{change_id} || '%'
				</if>
				<if test='change_name!=null and change_name!=""'>
				and change_name like #{change_name} || '%'
				</if>
				order by ${sort_idx} ${sort_dir}
			) XX
		<![CDATA[
			where rownum <= #{end_cnt}
		) X
		where X.rnum >= #{start_cnt}
		]]>
	</select>
	
	<!-- 권한 변경 이력 전체 조회 (엑셀다운로드) selectListAll -->
	<select id="selectListAll" parameterType="map" resultType="lowerMap">
		/* 권한 변경 이력 전체 조회 (엑셀다운로드) selectListAll */
		select 
			to_char(change_datm, 'YYYY-MM-DD HH24:MI:SS') as change_datm
			,change_id
			,change_name
			,change_ip
			,origin_desc
			,change_desc
		from tbl_permission_hist
		where 1=1
		and change_datm between to_date(#{change_date1} || ' 00:00:00', 'YYYY-MM-DD HH24:MI:SS') and to_date(#{change_date2} || ' 23:59:59', 'YYYY-MM-DD HH24:MI:SS')
		<if test='change_id!=null and change_id!=""'>
		and change_id like #{change_id} || '%'
		</if>
		<if test='change_name!=null and change_name!=""'>
		and change_name like #{change_name} || '%'
		</if>			
		order by ${sort_idx} ${sort_dir}
	</select>
	
<!-- :::::::::::::::::::::::::::::::::::::::::::::::::::::::::::::: INSERT :::::::::::::::::::::::::::::::::::::::::::::::::::::::::::::::  -->
	
	<!-- 권한 변경 이력 저장 insertUserChangeHist -->
	<insert id="insertUserChangeHist" parameterType="map">
		/* 권한 변경 이력 저장 insertUserChangeHist */
		insert into tbl_permission_hist
		(
			change_datm
			,change_id
			,change_name
			,change_ip
			,origin_desc
			,change_desc
		)
		values 
		(
			sysdate
			,#{change_id}
			,#{change_name}
			,#{change_ip}
			,#{menu_name} || ' 변경(등급 : ' || fn_GetCodeName('USER_LEVEL', #{origin_level}) || ', 사용여부:' || #{origin_yn} || ')'
			,#{menu_name} || ' 변경(등급 : ' || fn_GetCodeName('USER_LEVEL', #{user_level}) || ', 사용여부:' || #{use_yn} || ')'
		)
	</insert>

	<!-- 권한 변경 이력 저장 insertPermissionIpChangeHist -->
	<insert id="insertUserChangeHistIP" parameterType="map">
		/* 권한 변경 이력 저장 insertPermissionIpChangeHist */
		insert into tbl_permission_hist
		(
			change_datm
			,change_id
			,change_name
			,change_ip
			,origin_desc
			,change_desc
		)
		values
		(
			sysdate
			,#{change_id}
			,#{change_name}
			,#{change_ip}
			,#{menu_name} || ' 변경(등급 : ' || fn_GetCodeName('USER_LEVEL', #{origin_level}) || ', 사용여부:' || #{origin_yn} || ')'
			,#{menu_name} || ' 변경(등급 : ' || fn_GetCodeName('USER_LEVEL', #{user_level}) || ', 사용여부:' || #{use_yn} || ')'
		)
	</insert>
</mapper>