<?xml version="1.0" encoding="UTF-8"?>
<!DOCTYPE mapper PUBLIC "-//mybatis.org//DTD Mapper 3.0//EN" "http://mybatis.org/dtd/mybatis-3-mapper.dtd">

<mapper namespace="rec_list">
	<!-- 녹취이력 count -->
	<select id="selectRecCount" parameterType="map" resultType="map">
		select count(*)::int as tot_cnt, ceil(count(*) / ${top_cnt}::float) as page_cnt	
		from tbl_record
		where rec_date between #{rec_date1} and #{rec_date2}
		<if test='cust_tel!=null and cust_tel!=""'>
			and cust_tel like #{cust_tel} || '%'
		</if>
	</select>
	<!-- 녹취이력 조회 -->
	<select id="selectRecList" parameterType="map" resultType="map">
		select (20-rownum+1) idx, *
		from (
			select 			
				ROW_NUMBER() OVER(order by rec_date desc) as rownum
				, rec_date, rec_start_time, rec_end_time, rec_call_time, local_no, user_id, user_name, cust_tel
				, case rec_inout
					when 'I' then 'IN'
					when 'O' then 'OUT'
					when 'L' then 'LOCAL'
					else ''
				  end as rec_inout
				, substr(rec_filename, 1, 8) || '/' || substr(rec_filename, 9, 2) || '/' || substr(rec_filename, 11, length(rec_filename)) as rec_filename
			from tbl_record
			where rec_date between #{rec_date1} and #{rec_date2}
			<if test='cust_tel!=null and cust_tel!=""'>
			and cust_tel like #{cust_tel} || '%'
			</if>
			order by ${sort_idx} ${sort_dir}
			<!-- limit ${top_cnt} offset (${start_cnt}-1)			 -->
		) U								
	</select>
</mapper>