<?xml version="1.0" encoding="UTF-8"?>
<!DOCTYPE configuration PUBLIC "-//mybatis.org//DTD Config 3.0//EN" "http://mybatis.org/dtd/mybatis-3-config.dtd">
<configuration>
     <settings>
     	<!-- 
     		<setting name="cacheEnabled" value="true" />
     		oracle false 처리
     	-->
		<setting name="cacheEnabled" value="false" />
		<setting name="lazyLoadingEnabled" value="true" />
		<setting name="useGeneratedKeys" value="true" />
		<setting name="defaultExecutorType" value="SIMPLE" />
		<setting name="defaultStatementTimeout" value="3000" />
		<setting name="jdbcTypeForNull" value="NULL" />			<!-- oracle null value -->
		<setting name="callSettersOnNulls" value="true"/>		<!-- value null 일 경우 컬럼 누락되는 현상 발생으로 추가 -->
	</settings>

	<typeAliases>
		<typeAlias alias="lowerMap" type="com.cnet.crec.mybatis.LowerKeyMap"/>
		<typeAlias alias="lowerKeyHashMap" type="com.cnet.crec.mybatis.LowerKeyHashMap"/>
	</typeAliases>

 	<!-- 환경 설정 -->
	<environments default="crec_master">
		<!-- master db -->
		<environment id="crec_master">
			<transactionManager type="JDBC"/>
			<!-- 데이터베이스 접속 정보 -->
			<dataSource type="JNDI">
				<property name="initial_context" value="java:comp/env"/>
				<property name="data_source" value="jdbc/crec_master"/>
			</dataSource>
		</environment>
		
		<!-- slave db 
		<environment id="crec_slave">
			<transactionManager type="JDBC"/>
-->
			<!-- 데이터베이스 접속 정보 -->
			<!--
			<dataSource type="JNDI">
				<property name="initial_context" value="java:comp/env"/>
				<property name="data_source" value="jdbc/crec_slave"/>
			</dataSource>
		</environment>
		-->
	</environments>
   	
	<!-- SQLMAPPER (environments 하단에 위치한다.) -->
	<mappers>

		<!-- POSTGRE
		-->
		<mapper resource="sqlmap/postgre/login.xml"/>
		<mapper resource="sqlmap/postgre/layout.xml"/>
		
		<mapper resource="sqlmap/postgre/manage/menu.xml"/>
		<mapper resource="sqlmap/postgre/manage/user.xml"/>
		<mapper resource="sqlmap/postgre/manage/user_group.xml"/>
		<mapper resource="sqlmap/postgre/manage/system.xml"/>
		<mapper resource="sqlmap/postgre/manage/channel.xml"/>
		<mapper resource="sqlmap/postgre/manage/search_config.xml"/>
		<mapper resource="sqlmap/postgre/manage/business.xml"/>
		<mapper resource="sqlmap/postgre/manage/code.xml"/>
		
		<mapper resource="sqlmap/postgre/rec_search/rec_search.xml"/>
		<mapper resource="sqlmap/postgre/rec_search/rec_memo.xml"/>
		<mapper resource="sqlmap/postgre/rec_search/rec_marking.xml"/>
		<mapper resource="sqlmap/postgre/rec_search/mon_db.xml"/>
		
		<mapper resource="sqlmap/postgre/log_hist/hist_login.xml"/>
		<mapper resource="sqlmap/postgre/log_hist/hist_listen.xml"/>
		<mapper resource="sqlmap/postgre/log_hist/hist_down.xml"/>
		<mapper resource="sqlmap/postgre/log_hist/hist_rlisten.xml"/>
		<mapper resource="sqlmap/postgre/log_hist/hist_user_change.xml"/>
		<mapper resource="sqlmap/postgre/log_hist/hist_pass_change.xml"/>
		<mapper resource="sqlmap/postgre/log_hist/hist_excel.xml"/>
		<mapper resource="sqlmap/postgre/log_hist/hist_permission.xml"/>

		<mapper resource="sqlmap/postgre/sheet/cate.xml"/>
		<mapper resource="sqlmap/postgre/sheet/item.xml"/>
		<mapper resource="sqlmap/postgre/sheet/sheet.xml"/>

		<mapper resource="sqlmap/postgre/eval/event.xml"/>
		<mapper resource="sqlmap/postgre/eval/eval_target.xml"/>
		<mapper resource="sqlmap/postgre/eval/eval_result.xml"/>
		<mapper resource="sqlmap/postgre/eval/eval_claim.xml"/>
		<mapper resource="sqlmap/postgre/eval/eval_rec_search.xml"/>
		<mapper resource="sqlmap/postgre/eval/eval_search_setup.xml"/>

		<mapper resource="sqlmap/postgre/statistics/stat_system.xml"/>
		<mapper resource="sqlmap/postgre/statistics/stat_user_dept.xml"/>
		<mapper resource="sqlmap/postgre/statistics/stat_event.xml"/>
		<mapper resource="sqlmap/postgre/statistics/stat_user.xml"/>
		<mapper resource="sqlmap/postgre/statistics/stat_dept.xml"/>
		<mapper resource="sqlmap/postgre/statistics/stat_period.xml"/>
		<mapper resource="sqlmap/postgre/statistics/stat_average.xml"/>

		<mapper resource="sqlmap/postgre/player/player.xml"/>

		<mapper resource="sqlmap/postgre/dashboard/dashboard.xml"/>

		<mapper resource="sqlmap/postgre/app/app.xml"/>
		<mapper resource="sqlmap/postgre/app/rec_list.xml"/>
		<mapper resource="sqlmap/postgre/app/download.xml"/>
		<mapper resource="sqlmap/postgre/app/play.xml"/>

		
		<!-- MSSQL
		<mapper resource="sqlmap/mssql/db_dual.xml"/>
		<mapper resource="sqlmap/mssql/login.xml"/>
		<mapper resource="sqlmap/mssql/layout.xml"/>

		<mapper resource="sqlmap/mssql/manage/menu.xml"/>
		<mapper resource="sqlmap/mssql/manage/user.xml"/>
		<mapper resource="sqlmap/mssql/manage/user_group.xml"/>
		<mapper resource="sqlmap/mssql/manage/system.xml"/>
		<mapper resource="sqlmap/mssql/manage/channel.xml"/>
		<mapper resource="sqlmap/mssql/manage/search_config.xml"/>
		<mapper resource="sqlmap/mssql/manage/business.xml"/>
		<mapper resource="sqlmap/mssql/manage/code.xml"/>

		<mapper resource="sqlmap/mssql/rec_search/rec_search.xml"/>
		<mapper resource="sqlmap/mssql/rec_search/rec_memo.xml"/>
		<mapper resource="sqlmap/mssql/rec_search/rec_marking.xml"/>
		<mapper resource="sqlmap/mssql/rec_search/mon_db.xml"/>
		<mapper resource="sqlmap/mssql/rec_search/hist_softphone.xml"/>
                                 
		<mapper resource="sqlmap/mssql/log_hist/hist_login.xml"/>
		<mapper resource="sqlmap/mssql/log_hist/hist_listen.xml"/>
		<mapper resource="sqlmap/mssql/log_hist/hist_down.xml"/>
		<mapper resource="sqlmap/mssql/log_hist/hist_rlisten.xml"/>
		<mapper resource="sqlmap/mssql/log_hist/hist_user_change.xml"/>
		<mapper resource="sqlmap/mssql/log_hist/hist_pass_change.xml"/>
		<mapper resource="sqlmap/mssql/log_hist/hist_abort.xml"/>
		<mapper resource="sqlmap/mssql/log_hist/hist_excel.xml"/>
                                 
		<mapper resource="sqlmap/mssql/sheet/cate.xml"/>
		<mapper resource="sqlmap/mssql/sheet/item.xml"/>
		<mapper resource="sqlmap/mssql/sheet/sheet.xml"/>
                                 
		<mapper resource="sqlmap/mssql/eval/event.xml"/>
		<mapper resource="sqlmap/mssql/eval/eval_target.xml"/>
		<mapper resource="sqlmap/mssql/eval/eval_result.xml"/>
		<mapper resource="sqlmap/mssql/eval/eval_claim.xml"/>
		<mapper resource="sqlmap/mssql/eval/eval_rec_search.xml"/>
		<mapper resource="sqlmap/mssql/eval/eval_search_setup.xml"/>

		<mapper resource="sqlmap/mssql/statistics/stat_system.xml"/>
		<mapper resource="sqlmap/mssql/statistics/stat_user_dept.xml"/>
		<mapper resource="sqlmap/mssql/statistics/stat_event.xml"/>
		<mapper resource="sqlmap/mssql/statistics/stat_user.xml"/>
		<mapper resource="sqlmap/mssql/statistics/stat_dept.xml"/>
		<mapper resource="sqlmap/mssql/statistics/stat_period.xml"/>
		<mapper resource="sqlmap/mssql/statistics/stat_average.xml"/>

		<mapper resource="sqlmap/mssql/dashboard/dashboard.xml"/>
		-->
		<!-- ORACLE 

		<mapper resource="sqlmap/oracle/db_dual.xml"/>
		<mapper resource="sqlmap/oracle/login.xml"/>
		<mapper resource="sqlmap/oracle/layout.xml"/>

		<mapper resource="sqlmap/oracle/manage/menu.xml"/>
		<mapper resource="sqlmap/oracle/manage/user.xml"/>
		<mapper resource="sqlmap/oracle/manage/user_group.xml"/>
		<mapper resource="sqlmap/oracle/manage/system.xml"/>
		<mapper resource="sqlmap/oracle/manage/channel.xml"/>
		<mapper resource="sqlmap/oracle/manage/search_config.xml"/>
		<mapper resource="sqlmap/oracle/manage/business.xml"/>
		<mapper resource="sqlmap/oracle/manage/code.xml"/>
		<mapper resource="sqlmap/oracle/manage/download.xml"/>

		<mapper resource="sqlmap/oracle/rec_search/rec_search.xml"/>
		<mapper resource="sqlmap/oracle/rec_search/rec_memo.xml"/>
		<mapper resource="sqlmap/oracle/rec_search/rec_marking.xml"/>
		<mapper resource="sqlmap/oracle/rec_search/mon_db.xml"/>
		<mapper resource="sqlmap/oracle/rec_search/hist_softphone.xml"/>
		
		<mapper resource="sqlmap/oracle/log_hist/hist_login.xml"/>
		<mapper resource="sqlmap/oracle/log_hist/hist_listen.xml"/>
		<mapper resource="sqlmap/oracle/log_hist/hist_down.xml"/>
		<mapper resource="sqlmap/oracle/log_hist/hist_rlisten.xml"/>
		<mapper resource="sqlmap/oracle/log_hist/hist_user_change.xml"/>
		<mapper resource="sqlmap/oracle/log_hist/hist_pass_change.xml"/>
		<mapper resource="sqlmap/oracle/log_hist/hist_abort.xml"/>
		<mapper resource="sqlmap/oracle/log_hist/hist_excel.xml"/>
		<mapper resource="sqlmap/oracle/log_hist/hist_permission.xml"/>
		-->
<!--		<mapper resource="sqlmap/oracle/sheet/cate.xml"/>-->
<!--		<mapper resource="sqlmap/oracle/sheet/item.xml"/>-->
<!--		<mapper resource="sqlmap/oracle/sheet/sheet.xml"/>-->
<!--                                 -->
<!--		<mapper resource="sqlmap/oracle/eval/event.xml"/>-->
<!--		<mapper resource="sqlmap/oracle/eval/eval_target.xml"/>-->
<!--		<mapper resource="sqlmap/oracle/eval/eval_result.xml"/>-->
<!--		<mapper resource="sqlmap/oracle/eval/eval_claim.xml"/>-->
<!--		<mapper resource="sqlmap/oracle/eval/eval_rec_search.xml"/>-->
<!--		<mapper resource="sqlmap/oracle/eval/eval_search_setup.xml"/>-->
		<!--
                <mapper resource="sqlmap/oracle/statistics/stat_system.xml"/>
                <mapper resource="sqlmap/oracle/statistics/stat_user_dept.xml"/>
                <mapper resource="sqlmap/oracle/statistics/stat_event.xml"/>
                <mapper resource="sqlmap/oracle/statistics/stat_user.xml"/>
                <mapper resource="sqlmap/oracle/statistics/stat_dept.xml"/>
                <mapper resource="sqlmap/oracle/statistics/stat_period.xml"/>
                <mapper resource="sqlmap/oracle/statistics/stat_average.xml"/>
        		-->
        <!--		<mapper resource="sqlmap/oracle/dashboard/dashboard.xml"/>-->
	</mappers>
</configuration>
