<?xml version="1.0" encoding="UTF-8"?>
<!DOCTYPE mapper PUBLIC "-//mybatis.org//DTD Mapper 3.0//EN" "http://mybatis.org/dtd/mybatis-3-mapper.dtd">

<mapper namespace="hist_stt_down">

<!-- :::::::::::::::::::::::::::::::::::::::::::::::::::::::::::::: INCLUDE ::::::::::::::::::::::::::::::::::::::::::::::::::::::::::::::  -->

<!-- ::::::::::::::::::::::::::::::::::::::::::::::::::::::::::::::  QUERY  ::::::::::::::::::::::::::::::::::::::::::::::::::::::::::::::  -->

	<!-- STT 상담 내용 다운로드 이력 갯수 selectCount -->
	<select id="selectCount" parameterType="map" resultType="map">
		/* STT 상담 내용 다운로드 이력 갯수 selectCount */
		select 
			count(*) as tot_cnt
			,CEILING(CAST(COUNT(*) as float) / ${top_cnt}) as page_cnt
		from tbl_stt_down_hist as tsdh WITH(NOLOCK)
		left join tbl_user as tu WITH(NOLOCK) on tsdh.down_id = tu.user_id
		where dateadd(minute, ${gmt_minute}, tsdh.down_datm) between convert(datetime, #{down_date1} + ' 00:00:00.000') and convert(datetime, #{down_date2} + ' 23:59:59.997')
		<if test='down_id!=null and down_id!=""'>
		and tsdh.down_id like #{down_id} + '%'
		</if>
		<if test='down_name!=null and down_name!=""'>
		and tsdh.down_name like #{down_name} + '%'
		</if>
		<if test='user_id!=null and user_id!=""'>
		and tsdh.user_id like #{user_id} + '%'
		</if>
		<if test='user_name!=null and user_name!=""'>
		and tsdh.user_name like #{user_name} + '%'
		</if>
		<if test='reason_code!=null and reason_code!=""'>
		and tsdh.reason_code like #{reason_code} + '%'
		</if>
		<if test='bpart_code!=null and bpart_code!=""'>
		and tu.bpart_code = #{bpart_code}
		</if>
		<if test='mpart_code!=null and mpart_code!=""'>
		and tu.mpart_code = #{mpart_code}
		</if>
		<if test='spart_code!=null and spart_code!=""'>
		and tu.spart_code = #{spart_code}
		</if>
	</select>
	
	<!-- STT 상담 내용 다운로드 이력 조회 selectList -->
	<select id="selectList" parameterType="map" resultType="map">
		/* STT 상담 내용 다운로드 이력 조회 selectList */
		select (${tot_cnt}-rownum+1) idx, *
		from 
		(
			select top ${end_cnt}
				ROW_NUMBER() OVER(order by tsdh.${sort_idx} ${sort_dir}) as rownum
				,convert(varchar(19), dateadd(minute, ${gmt_minute}, tsdh.down_datm), 121) as down_datm
				,tsdh.down_id
				,tsdh.down_name
				,tsdh.down_ip
				,tsdh.rec_keycode
				,tsdh.user_id
				,tsdh.user_name
				,tsdh.local_no
				,isnull(tsdh.reason_code,'') reason_code
				,isnull(tsdh.reason_text,'') reason_text
				,(case when isnull(tsdh.reason_code,'')!='' then dbo.fn_GetCodeName('LD_REASON',tsdh.reason_code) 
					else '' end) as reason_code_desc
				,(select part_name from tbl_user_group WITH(NOLOCK) 
					where part_depth = 1 
					and bpart_code = tu.bpart_code) as bpart_name
				,(select part_name from tbl_user_group WITH(NOLOCK) 
					where part_depth = 2 
					and bpart_code = tu.bpart_code 
					and mpart_code = tu.mpart_code) as mpart_name
				,(select part_name from tbl_user_group WITH(NOLOCK)
					where part_depth = 3 
					and bpart_code = tu.bpart_code 
					and mpart_code = tu.mpart_code 
					and spart_code = tu.spart_code) as spart_name
			from tbl_stt_down_hist as tsdh WITH(NOLOCK)
			left join tbl_user as tu WITH(NOLOCK) on tsdh.down_id = tu.user_id
			where dateadd(minute, ${gmt_minute}, tsdh.down_datm) between convert(datetime, #{down_date1} + ' 00:00:00.000') and convert(datetime, #{down_date2} + ' 23:59:59.997')
			<if test='down_id!=null and down_id!=""'>
			and tsdh.down_id like #{down_id} + '%'
			</if>
			<if test='down_name!=null and down_name!=""'>
			and tsdh.down_name like #{down_name} + '%'
			</if>
			<if test='user_id!=null and user_id!=""'>
			and tsdh.user_id like #{user_id} + '%'
			</if>
			<if test='user_name!=null and user_name!=""'>
			and tsdh.user_name like #{user_name} + '%'
			</if>
			<if test='reason_code!=null and reason_code!=""'>
			and tsdh.reason_code like #{reason_code} + '%'
			</if>
			<if test='bpart_code!=null and bpart_code!=""'>
			and tu.bpart_code = #{bpart_code}
			</if>
			<if test='mpart_code!=null and mpart_code!=""'>
			and tu.mpart_code = #{mpart_code}
			</if>
			<if test='spart_code!=null and spart_code!=""'>
			and tu.spart_code = #{spart_code}
			</if>
			order by tsdh.${sort_idx} ${sort_dir}
		) U
		where rownum between ${start_cnt} and ${end_cnt}
	</select>
	
	<!-- STT 상담 내용 다운로드 이력 전체 조회 (엑셀다운로드) selectListAll -->
	<select id="selectListAll" parameterType="map" resultType="map">
		/* STT 상담 내용 다운로드 이력 전체 조회 (엑셀다운로드) selectListAll */
		select 
			convert(varchar(19), dateadd(minute, ${gmt_minute}, tsdh.down_datm), 121) as down_datm
			,tsdh.down_id
			,tsdh.down_name
			,tsdh.down_ip
			,tsdh.rec_keycode
			,tsdh.user_id
			,tsdh.user_name
			,tsdh.local_no
			,isnull(tsdh.reason_code,'') reason_code
			,isnull(tsdh.reason_text,'') reason_text
			,(case when isnull(tsdh.reason_code,'')!='' then dbo.fn_GetCodeName('LD_REASON',tsdh.reason_code) 
				else '' end) as reason_code_desc
			,(select part_name from tbl_user_group WITH(NOLOCK) 
				where part_depth = 1 
				and bpart_code = tu.bpart_code) as bpart_name
			,(select part_name from tbl_user_group WITH(NOLOCK) 
				where part_depth = 2 
				and bpart_code = tu.bpart_code 
				and mpart_code = tu.mpart_code) as mpart_name
			,(select part_name from tbl_user_group WITH(NOLOCK)
				where part_depth = 3 
				and bpart_code = tu.bpart_code 
				and mpart_code = tu.mpart_code 
				and spart_code = tu.spart_code) as spart_name
		from tbl_stt_down_hist as tsdh WITH(NOLOCK)
		left join tbl_user as tu WITH(NOLOCK) on tsdh.down_id = tu.user_id
		where dateadd(minute, ${gmt_minute}, tsdh.down_datm) between convert(datetime, #{down_date1} + ' 00:00:00.000') and convert(datetime, #{down_date2} + ' 23:59:59.997')
		<if test='down_id!=null and down_id!=""'>
		and tsdh.down_id like #{down_id} + '%'
		</if>
		<if test='down_name!=null and down_name!=""'>
		and tsdh.down_name like #{down_name} + '%'
		</if>
		<if test='user_id!=null and user_id!=""'>
		and tsdh.user_id like #{user_id} + '%'
		</if>
		<if test='user_name!=null and user_name!=""'>
		and tsdh.user_name like #{user_name} + '%'
		</if>
		<if test='reason_code!=null and reason_code!=""'>
		and tsdh.reason_code like #{reason_code} + '%'
		</if>
		<if test='bpart_code!=null and bpart_code!=""'>
		and tu.bpart_code = #{bpart_code}
		</if>
		<if test='mpart_code!=null and mpart_code!=""'>
		and tu.mpart_code = #{mpart_code}
		</if>
		<if test='spart_code!=null and spart_code!=""'>
		and tu.spart_code = #{spart_code}
		</if>				
		order by tsdh.${sort_idx} ${sort_dir}
	</select>
	
<!-- :::::::::::::::::::::::::::::::::::::::::::::::::::::::::::::: INSERT :::::::::::::::::::::::::::::::::::::::::::::::::::::::::::::::  -->

	<!-- STT 상담 내용 다운로드 이력 등록 insertSttDownHist -->
	<insert id="insertSttDownHist" parameterType="map">
		/* STT 상담 내용 다운로드 이력 등록 insertSttDownHist */
		insert into tbl_stt_down_hist 
		(
			down_datm
			,rec_keycode
			,local_no
			,down_id
			,down_name
			,down_ip
			,user_id
			,user_name
			,reason_code
			,reason_text
		) 
		values 
		(
			getdate()
			,#{rec_keycode}
			,#{local_no}
			,#{down_id}
			,#{down_name}
			,#{down_ip}
			,#{user_id}
			,#{user_name}
			,#{reason_code}
			,#{reason_text}
		)
	</insert>
	
</mapper>