<?xml version="1.0" encoding="UTF-8"?>
<!DOCTYPE mapper PUBLIC "-//mybatis.org//DTD Mapper 3.0//EN" "http://mybatis.org/dtd/mybatis-3-mapper.dtd">

<mapper namespace="hist_abort">

<!-- :::::::::::::::::::::::::::::::::::::::::::::::::::::::::::::: INCLUDE ::::::::::::::::::::::::::::::::::::::::::::::::::::::::::::::  -->

<!-- ::::::::::::::::::::::::::::::::::::::::::::::::::::::::::::::  QUERY  ::::::::::::::::::::::::::::::::::::::::::::::::::::::::::::::  -->

	<!-- 필수중단 이력 count -->
	<select id="selectCount" parameterType="map" resultType="map">
		/* 필수중단 이력 count */
		select count(*) as tot_cnt, CEILING(CAST(COUNT(*) as float) / ${top_cnt}) as page_cnt
		from tbl_abort_hist WITH(NOLOCK)
		where abort_datm between convert(datetime, #{abort_date1} + ' 00:00:00.000') and convert(datetime, #{abort_date2} + ' 23:59:59.997')
		<if test='abort_id!=null and abort_id!=""'>
			and abort_id like #{abort_id} + '%'
		</if>
		<if test='abort_name!=null and abort_name!=""'>
			and abort_name like #{abort_name} + '%'
		</if>
		<if test='start_rec_date!=null and start_rec_date!="" and end_rec_date!=null and end_rec_date!=""'>
			and start_rec_datm <![CDATA[>=]]> convert(datetime, #{start_rec_date} + ' 00:00:00.000') and end_rec_datm <![CDATA[<=]]> convert(datetime, #{end_rec_date} + ' 23:59:59.997')
		</if>
	</select>

	<!-- 필수중단 이력 조회 selectList  -->
	<select id="selectList" parameterType="map" resultType="map">
		/* 필수중단 이력 조회 selectList */
		select (${tot_cnt}-rownum+1) idx, *
		from (
			select top ${end_cnt}
				ROW_NUMBER() OVER(order by ${sort_idx} ${sort_dir}) as rownum
				, convert(varchar(19),abort_datm,121) abort_datm
				, a.abort_id
				, a.abort_name
				, a.abort_ip
				, a.abort_state
				, convert(varchar(19),a.start_rec_datm,121) start_rec_datm
				, convert(varchar(19),a.end_rec_datm,121) end_rec_datm
				, (select part_name from tbl_user_group WITH(NOLOCK) where part_depth=1 and bpart_code = b.bpart_code) as bpart_name
				, (select part_name from tbl_user_group WITH(NOLOCK) where part_depth=2 and bpart_code = b.bpart_code and mpart_code = b.mpart_code) as mpart_name
				, (select part_name from tbl_user_group WITH(NOLOCK) where part_depth=3 and bpart_code = b.bpart_code and mpart_code = b.mpart_code and spart_code = b.spart_code) as spart_name
			from tbl_abort_hist as a WITH(NOLOCK)
				 left join tbl_user as b WITH(NOLOCK) on a.abort_id=b.user_id
			where a.abort_datm between convert(datetime, #{abort_date1} + ' 00:00:00.000') and convert(datetime, #{abort_date2} + ' 23:59:59.997')
			<if test='abort_id!=null and abort_id!=""'>
				and a.abort_id like #{abort_id} + '%'
			</if>
			<if test='abort_name!=null and abort_name!=""'>
				and a.abort_name like #{abort_name} + '%'
			</if>
			<if test='start_rec_date!=null and start_rec_date!="" and end_rec_date!=null and end_rec_date!=""'>
				and a.start_rec_datm <![CDATA[>=]]> convert(datetime, #{start_rec_date} + ' 00:00:00.000') and a.end_rec_datm <![CDATA[<=]]> convert(datetime, #{end_rec_date} + ' 23:59:59.997')
			</if>

			order by ${sort_idx} ${sort_dir}
		) U
		where rownum between ${start_cnt} and ${end_cnt}

	</select>

	<!-- 필수중단 이력 전체 조회 (엑셀다운로드) selectListAll -->
	<select id="selectListAll" parameterType="map" resultType="map">
		/* 필수중단 이력 전체 조회 (엑셀다운로드) selectListAll */
		select convert(varchar(19),a.abort_datm,121) abort_datm
			, a.abort_id
			, a.abort_name
			, a.abort_ip
			, a.abort_state
			, convert(varchar(19),a.start_rec_datm,121) start_rec_datm
			, convert(varchar(19),a.end_rec_datm,121) end_rec_datm
			, (select part_name from tbl_user_group WITH(NOLOCK) where part_depth=1 and bpart_code = b.bpart_code) as bpart_name
			, (select part_name from tbl_user_group WITH(NOLOCK) where part_depth=2 and bpart_code = b.bpart_code and mpart_code = b.mpart_code) as mpart_name
			, (select part_name from tbl_user_group WITH(NOLOCK) where part_depth=3 and bpart_code = b.bpart_code and mpart_code = b.mpart_code and spart_code = b.spart_code) as spart_name
		from tbl_abort_hist as a WITH(NOLOCK)
		left join tbl_user as b WITH(NOLOCK) on a.abort_id=b.user_id
		where abort_datm between convert(datetime, #{abort_date1} + ' 00:00:00.000') and convert(datetime, #{abort_date2} + ' 23:59:59.997')
		<if test='abort_id!=null and abort_id!=""'>
			and a.abort_id like #{abort_id} + '%'
		</if>
		<if test='abort_name!=null and abort_name!=""'>
			and a.abort_name like #{abort_name} + '%'
		</if>
		<if test='start_rec_date!=null and start_rec_date!="" and end_rec_date!=null and end_rec_date!=""'>
			and a.start_rec_datm <![CDATA[>=]]> convert(datetime, #{start_rec_date} + ' 00:00:00.000') and a.end_rec_datm <![CDATA[<=]]> convert(datetime, #{end_rec_date} + ' 23:59:59.997')
		</if>
		order by ${sort_idx} ${sort_dir}
	</select>

<!-- :::::::::::::::::::::::::::::::::::::::::::::::::::::::::::::: INSERT :::::::::::::::::::::::::::::::::::::::::::::::::::::::::::::::  -->
	
	<!-- 필수중단 이력 등록/취소 저장 insertAbortHist -->
	<insert id="insertAbortHist" parameterType="map">
		/* 필수중단 이력 등록/취소 저장 insertAbortHist */
		insert into tbl_abort_hist 
		(
			abort_datm,start_rec_datm,end_rec_datm,abort_state,abort_id,abort_name,abort_ip
		) 
		values 
		(
			getdate(),#{start_rec_datm},#{end_rec_datm},#{abort_state},#{abort_id},#{abort_name},#{abort_ip}
		)
	</insert>
	
</mapper>