<?xml version="1.0" encoding="UTF-8"?>
<!DOCTYPE mapper PUBLIC "-//mybatis.org//DTD Mapper 3.0//EN" "http://mybatis.org/dtd/mybatis-3-mapper.dtd">

<mapper namespace="hist_excel">

<!-- :::::::::::::::::::::::::::::::::::::::::::::::::::::::::::::: INCLUDE ::::::::::::::::::::::::::::::::::::::::::::::::::::::::::::::  -->

<!-- ::::::::::::::::::::::::::::::::::::::::::::::::::::::::::::::  QUERY  ::::::::::::::::::::::::::::::::::::::::::::::::::::::::::::::  -->

	<!-- 엑셀 저장 이력 count selectCount -->
	<select id="selectCount" parameterType="map" resultType="map">
		/* 엑셀 저장 이력 count selectCount */
		select 
			count(*) as tot_cnt
			,CEILING(CAST(COUNT(*) as float) / ${top_cnt}) as page_cnt
		from tbl_excel_hist WITH(NOLOCK)
		where excel_datm between convert(datetime, #{excel_date1} + ' 00:00:00.000') and convert(datetime, #{excel_date2} + ' 23:59:59.997')
		<if test='excel_id!=null and excel_id!=""'>
			and excel_id like #{excel_id} + '%'
		</if>
		<if test='excel_name!=null and excel_name!=""'>
			and excel_name like #{excel_name} + '%'
		</if>
	</select>
	
	<!-- 엑셀 저장 이력 조회 selectList -->
	<select id="selectList" parameterType="map" resultType="map">
		/* 엑셀 저장 이력 조회 selectList */
		select (${tot_cnt}-rownum+1) idx, *
		from (
			select top ${end_cnt}
				ROW_NUMBER() OVER(order by ${sort_idx} ${sort_dir}) as rownum
				,convert(varchar(19), excel_datm, 121) as excel_datm
				,a.excel_id
				,a.excel_menu
				,a.excel_name
				,a.excel_ip
				,(select part_name from tbl_user_group WITH(NOLOCK)
					where part_depth = 1 
					and bpart_code = b.bpart_code) as bpart_name
				,(select part_name from tbl_user_group WITH(NOLOCK)
					where part_depth = 2 
					and bpart_code = b.bpart_code 
					and mpart_code = b.mpart_code) as mpart_name
				,(select part_name from tbl_user_group WITH(NOLOCK)
					where part_depth = 3 
					and bpart_code = b.bpart_code 
					and mpart_code = b.mpart_code 
					and spart_code = b.spart_code) as spart_name
			from tbl_excel_hist as a WITH(NOLOCK)
			left join tbl_user as b WITH(NOLOCK) on a.excel_id = b.user_id
			where a.excel_datm between convert(datetime, #{excel_date1} + ' 00:00:00.000') and convert(datetime, #{excel_date2} + ' 23:59:59.997')
			<if test='excel_id!=null and excel_id!=""'>
				and a.excel_id like #{excel_id} + '%'
			</if>
			<if test='excel_name!=null and excel_name!=""'>
				and a.excel_name like #{excel_name} + '%'
			</if>

			order by ${sort_idx} ${sort_dir}
		) U
		where rownum between ${start_cnt} and ${end_cnt}
	</select>
	
	<!-- 엑셀 저장 이력 전체 조회 (엑셀다운로드) selectListAll -->
	<select id="selectListAll" parameterType="map" resultType="map">
		/* 엑셀 저장 이력 전체 조회 (엑셀다운로드) selectListAll */
		select 
			convert(varchar(19), a.excel_datm, 121) as excel_datm
			,a.excel_id
			,a.excel_menu
			,a.excel_name
			,a.excel_ip
			,(select part_name from tbl_user_group WITH(NOLOCK)
				where part_depth = 1 
				and bpart_code = b.bpart_code) as bpart_name
			,(select part_name from tbl_user_group WITH(NOLOCK)
				where part_depth = 2 
				and bpart_code = b.bpart_code 
				and mpart_code = b.mpart_code) as mpart_name
			,(select part_name from tbl_user_group WITH(NOLOCK)
				where part_depth = 3 
				and bpart_code = b.bpart_code 
				and mpart_code = b.mpart_code 
				and spart_code = b.spart_code) as spart_name
		from tbl_excel_hist as a WITH(NOLOCK)
		left join tbl_user as b WITH(NOLOCK) on a.excel_id = b.user_id
		where excel_datm between convert(datetime, #{excel_date1} + ' 00:00:00.000') and convert(datetime, #{excel_date2} + ' 23:59:59.997')
		<if test='excel_id!=null and excel_id!=""'>
			and a.excel_id like #{excel_id} + '%'
		</if>
		<if test='excel_name!=null and excel_name!=""'>
			and a.excel_name like #{excel_name} + '%'
		</if>
		order by ${sort_idx} ${sort_dir}
	</select>
	
<!-- :::::::::::::::::::::::::::::::::::::::::::::::::::::::::::::: INSERT :::::::::::::::::::::::::::::::::::::::::::::::::::::::::::::::  -->
	
	<!-- 엑셀 저장 이력 등록 insertExcelHist -->
	<insert id="insertExcelHist" parameterType="map">
		/* 엑셀 저장 이력 등록 insertExcelHist */
		insert into tbl_excel_hist 
		(
			excel_datm,excel_id,excel_menu,excel_name,excel_ip
		) 
		values 
		(
			getdate(),#{excel_id},#{excel_menu},#{excel_name},#{excel_ip}
		)
	</insert>

</mapper>