<?xml version="1.0" encoding="UTF-8"?>
<!DOCTYPE mapper PUBLIC "-//mybatis.org//DTD Mapper 3.0//EN" "http://mybatis.org/dtd/mybatis-3-mapper.dtd">

<mapper namespace="hist_stt">

<!-- :::::::::::::::::::::::::::::::::::::::::::::::::::::::::::::: INCLUDE ::::::::::::::::::::::::::::::::::::::::::::::::::::::::::::::  -->

<!-- ::::::::::::::::::::::::::::::::::::::::::::::::::::::::::::::  QUERY  ::::::::::::::::::::::::::::::::::::::::::::::::::::::::::::::  -->

	<!-- STT 상담 내용 이력 갯수  selectCount -->
	<select id="selectCount" parameterType="map" resultType="map">
		/* STT 상담 내용 이력 갯수  selectCount */
		select 
			count(*) as tot_cnt
			,CEILING(CAST(COUNT(*) as float) / ${top_cnt}) as page_cnt
		from tbl_stt_hist as tsh WITH(NOLOCK)
		left join tbl_user as tu WITH(NOLOCK) on tsh.search_id = tu.user_id
		where dateadd(minute, ${gmt_minute}, tsh.search_datm) between convert(datetime, #{search_date1} + ' 00:00:00.000') and convert(datetime, #{search_date2} + ' 23:59:59.997')
		<if test='search_id!=null and search_id!=""'>
		and tsh.search_id like #{search_id} + '%'
		</if>
		<if test='search_name!=null and search_name!=""'>
		and tsh.search_name like #{search_name} + '%'
		</if>
		<if test='user_id!=null and user_id!=""'>
		and tsh.user_id like #{user_id} + '%'
		</if>
		<if test='user_name!=null and user_name!=""'>
		and tsh.user_name like #{user_name} + '%'
		</if>
		<if test='bpart_code!=null and bpart_code!=""'>
		and tu.bpart_code = #{bpart_code}
		</if>
		<if test='mpart_code!=null and mpart_code!=""'>
		and tu.mpart_code = #{mpart_code}
		</if>
		<if test='spart_code!=null and spart_code!=""'>
		and tu.spart_code = #{spart_code}
		</if>
	</select>
	
	<!-- STT 상담 내용 이력 조회 selectList -->
	<select id="selectList" parameterType="map" resultType="map">
		/* STT 상담 내용 이력 조회 selectList */
		select (${tot_cnt}-rownum+1) idx, *
		from 
		(
			select top ${end_cnt}
				ROW_NUMBER() OVER(order by tsh.${sort_idx} ${sort_dir}) as rownum
				,convert(varchar(19), dateadd(minute, ${gmt_minute}, tsh.search_datm), 121) as search_datm
				,tsh.search_id
				,tsh.search_name
				,tsh.search_ip
				,tsh.rec_keycode
				,tsh.user_id
				,tsh.user_name
				,tsh.local_no
				,(select part_name from tbl_user_group WITH(NOLOCK) 
					where part_depth = 1 
					and bpart_code = tu.bpart_code) as bpart_name
				,(select part_name from tbl_user_group WITH(NOLOCK) 
					where part_depth = 2 
					and bpart_code = tu.bpart_code 
					and mpart_code = tu.mpart_code) as mpart_name
				,(select part_name from tbl_user_group WITH(NOLOCK)
					where part_depth = 3 
					and bpart_code = tu.bpart_code 
					and mpart_code = tu.mpart_code 
					and spart_code = tu.spart_code) as spart_name
			from tbl_stt_hist as tsh WITH(NOLOCK)
			left join tbl_user as tu WITH(NOLOCK) on tsh.search_id = tu.user_id
			where dateadd(minute, ${gmt_minute}, tsh.search_datm) between convert(datetime, #{search_date1} + ' 00:00:00.000') and convert(datetime, #{search_date2} + ' 23:59:59.997')
			<if test='search_id!=null and search_id!=""'>
			and tsh.search_id like #{search_id} + '%'
			</if>
			<if test='search_name!=null and search_name!=""'>
			and tsh.search_name like #{search_name} + '%'
			</if>
			<if test='user_id!=null and user_id!=""'>
			and tsh.user_id like #{user_id} + '%'
			</if>
			<if test='user_name!=null and user_name!=""'>
			and tsh.user_name like #{user_name} + '%'
			</if>
			<if test='bpart_code!=null and bpart_code!=""'>
			and tu.bpart_code = #{bpart_code}
			</if>
			<if test='mpart_code!=null and mpart_code!=""'>
			and tu.mpart_code = #{mpart_code}
			</if>
			<if test='spart_code!=null and spart_code!=""'>
			and tu.spart_code = #{spart_code}
			</if>
			order by tsh.${sort_idx} ${sort_dir}
		) U
		where rownum between ${start_cnt} and ${end_cnt}
	</select>
	
	<!-- STT 상담 내용 이력 전체 조회 (엑셀다운로드) selectListAll -->
	<select id="selectListAll" parameterType="map" resultType="map">
		/* STT 상담 내용 이력 전체 조회 (엑셀다운로드) selectListAll */
		select 
			convert(varchar(19), dateadd(minute, ${gmt_minute}, tsh.search_datm), 121) as search_datm
			,tsh.search_id
			,tsh.search_name
			,tsh.search_ip
			,tsh.rec_keycode
			,tsh.user_id
			,tsh.user_name
			,tsh.local_no
			,(select part_name from tbl_user_group WITH(NOLOCK) 
				where part_depth = 1 
				and bpart_code = tu.bpart_code) as bpart_name
			,(select part_name from tbl_user_group WITH(NOLOCK) 
				where part_depth = 2 
				and bpart_code = tu.bpart_code 
				and mpart_code = tu.mpart_code) as mpart_name
			,(select part_name from tbl_user_group WITH(NOLOCK)
				where part_depth = 3 
				and bpart_code = tu.bpart_code 
				and mpart_code = tu.mpart_code 
				and spart_code = tu.spart_code) as spart_name
		from tbl_stt_hist as tsh WITH(NOLOCK)
		left join tbl_user as tu WITH(NOLOCK) on tsh.search_id = tu.user_id
		where dateadd(minute, ${gmt_minute}, tsh.search_datm) between convert(datetime, #{search_date1} + ' 00:00:00.000') and convert(datetime, #{search_date2} + ' 23:59:59.997')
		<if test='search_id!=null and search_id!=""'>
		and tsh.search_id like #{search_id} + '%'
		</if>
		<if test='search_name!=null and search_name!=""'>
		and tsh.search_name like #{search_name} + '%'
		</if>
		<if test='user_id!=null and user_id!=""'>
		and tsh.user_id like #{user_id} + '%'
		</if>
		<if test='user_name!=null and user_name!=""'>
		and tsh.user_name like #{user_name} + '%'
		</if>
		<if test='bpart_code!=null and bpart_code!=""'>
		and tu.bpart_code = #{bpart_code}
		</if>
		<if test='mpart_code!=null and mpart_code!=""'>
		and tu.mpart_code = #{mpart_code}
		</if>
		<if test='spart_code!=null and spart_code!=""'>
		and tu.spart_code = #{spart_code}
		</if>
		order by tsh.${sort_idx} ${sort_dir}
	</select>
	
<!-- :::::::::::::::::::::::::::::::::::::::::::::::::::::::::::::: INSERT :::::::::::::::::::::::::::::::::::::::::::::::::::::::::::::::  -->

	<!-- STT 상담 내용 이력 등록 insertSttHist -->
	<insert id="insertSttHist" parameterType="map">
		/* STT 상담 내용 이력 등록 insertSttHist */
		insert into tbl_stt_hist 
		(
			search_datm
			,rec_keycode
			,local_no
			,search_id
			,search_name
			,search_ip
			,user_id
			,user_name
			,reason_code
			,reason_text
		) 
		values 
		(
			getdate()
			,#{rec_keycode}
			,#{local_no}
			,#{search_id}
			,#{search_name}
			,#{search_ip}
			,#{user_id}
			,#{user_name}
			,#{reason_code}
			,#{reason_text}
		)
	</insert>
	
</mapper>