<?xml version="1.0" encoding="UTF-8"?>
<!DOCTYPE mapper PUBLIC "-//mybatis.org//DTD Mapper 3.0//EN" "http://mybatis.org/dtd/mybatis-3-mapper.dtd">

<mapper namespace="hist_delete">

<!-- :::::::::::::::::::::::::::::::::::::::::::::::::::::::::::::: INCLUDE ::::::::::::::::::::::::::::::::::::::::::::::::::::::::::::::  -->

<!-- ::::::::::::::::::::::::::::::::::::::::::::::::::::::::::::::  QUERY  ::::::::::::::::::::::::::::::::::::::::::::::::::::::::::::::  -->

	<!-- 다운로드 이력 count selectCount -->
	<select id="selectCount" parameterType="map" resultType="map">
		/* 삭제 이력 count selectCount */
		select 
			count(*) as tot_cnt
			,CEILING(CAST(COUNT(*) as float) / ${top_cnt}) as page_cnt
		from tbl_delete_hist WITH(NOLOCK)
		where delete_datm between convert(datetime, #{delete_date1} + ' 00:00:00.000') and convert(datetime, #{delete_date2} + ' 23:59:59.997')
		<if test='delete_type!=null and delete_type!=""'>
			and delete_type = #{delete_type}
		</if>
	</select>
	
	<!-- 다운로드 이력 조회 selectList -->
	<select id="selectList" parameterType="map" resultType="map">
		/* 삭제 이력 조회 selectList */
		select (${tot_cnt}-rownum+1) idx, *
		from (
			select top ${end_cnt}
				ROW_NUMBER() OVER(order by delete_datm desc) as rownum
				,convert(varchar(19),a.delete_datm,121) delete_datm
			    ,CASE delete_type WHEN 'DB' THEN 'DB 삭제작업' WHEN 'FILE' THEN 'FILE 삭제작업' ELSE 'CHECK' END as delete_type
				,convert(varchar(19),a.start_datm,121) start_datm
				,convert(varchar(19),a.end_datm,121) end_datm
				,job_msg
				,job_ip
				,job_desc
				,CASE job_status WHEN 1 THEN '정상' ELSE '오류' END as job_status
			from tbl_delete_hist as a WITH(NOLOCK)
			where a.delete_datm between convert(datetime, #{delete_date1} + ' 00:00:00.000') and convert(datetime, #{delete_date2} + ' 23:59:59.997')
			<if test='delete_type!=null and delete_type!=""'>
				and delete_type = #{delete_type}
			</if>
			order by delete_datm desc
		) U
		where rownum between ${start_cnt} and ${end_cnt}
	</select>
	
	<!-- 삭제 이력 전체 조회 selectListAll -->
	<select id="selectListAll" parameterType="map" resultType="map">
		/* 삭제 이력 전체 조회 selectListAll */
		select
			,convert(varchar(19),a.delete_datm,121) delete_datm
			,CASE delete_type WHEN 'DB' THEN 'DB 삭제작업' WHEN 'FILE' THEN 'FILE 삭제작업' ELSE 'CHECK' END as delete_type
			,convert(varchar(19),a.start_datm,121) start_datm
			,convert(varchar(19),a.end_datm,121) end_datm
			,job_msg
			,job_ip
			,job_desc
			,CASE job_status WHEN 1 THEN '정상' ELSE '오류' END as job_status
		from tbl_down_hist as a WITH(NOLOCK)
		where delete_datm between convert(datetime, #{delete_date1} + ' 00:00:00.000') and convert(datetime, #{delete_date2} + ' 23:59:59.997')
		<if test='delete_type!=null and delete_type!=""'>
			and delete_type = #{delete_type}
		</if>
		order by delete_datm desc
	</select>
	
<!-- :::::::::::::::::::::::::::::::::::::::::::::::::::::::::::::: INSERT :::::::::::::::::::::::::::::::::::::::::::::::::::::::::::::::  -->


</mapper>