<?xml version="1.0" encoding="UTF-8"?>
<!DOCTYPE mapper PUBLIC "-//mybatis.org//DTD Mapper 3.0//EN" "http://mybatis.org/dtd/mybatis-3-mapper.dtd">

<mapper namespace="hist_excel">
	
	<!-- excel저장 이력 count selectCount -->
	<select id="selectCount" parameterType="map" resultType="map">
		/* excel저장 이력 count selectCount */
		select 
			count(*)::int as tot_cnt
			,ceil(count(*) / ${top_cnt}::float) as page_cnt			
		from tbl_excel_hist
		where excel_datm between (#{excel_date1} || ' 00:00:00.000')::timestamp and (#{excel_date2} || ' 23:59:59.997')::timestamp
		<if test='excel_id!=null and excel_id!=""'>
		and excel_id like #{excel_id} || '%'
		</if>
		<if test='excel_name!=null and excel_name!=""'>
		and excel_name like #{excel_name} || '%'
		</if>
	</select>
	
	<!-- excel저장 이력 조회  selectList -->
	<select id="selectList" parameterType="map" resultType="map">
		/* excel저장 이력 조회  selectList */
		select 
			(${tot_cnt}-rownum+1) as idx
			,*
		from (
			select
				ROW_NUMBER() OVER(order by ${sort_idx} ${sort_dir}) as rownum
				,to_char(A.excel_datm, 'YYYY-MM-DD HH24:MI:SS') as excel_datm
				,A.excel_id
				,A.excel_menu
				,A.excel_name
				,A.excel_ip
				,(select part_name from tbl_user_group 
					where part_depth = 1 
					and bpart_code = B.bpart_code) as bpart_name
				,(select part_name from tbl_user_group 
					where part_depth = 2 
					and bpart_code = B.bpart_code 
					and mpart_code = B.mpart_code) as mpart_name
				,(select part_name from tbl_user_group 
					where part_depth = 3 
					and bpart_code = B.bpart_code 
					and mpart_code = B.mpart_code 
					and spart_code = B.spart_code) as spart_name
			from tbl_excel_hist A
			left join tbl_user B on A.excel_id = B.user_id
			where A.excel_datm between (#{excel_date1} || ' 00:00:00.000')::timestamp and (#{excel_date2} || ' 23:59:59.997')::timestamp
			<if test='excel_id!=null and excel_id!=""'>
			and A.excel_id like #{excel_id} || '%'
			</if>
			<if test='excel_name!=null and excel_name!=""'>
			and A.excel_name like #{excel_name} || '%'
			</if>
			order by ${sort_idx} ${sort_dir}
			limit ${top_cnt} offset (${start_cnt}-1)
		) U
	</select>
	
	<!-- excel저장 이력 전체 조회 (엑셀다운로드) selectListAll -->
	<select id="selectListAll" parameterType="map" resultType="map">
		/* excel저장 이력 전체 조회 (엑셀다운로드) selectListAll */
		select
			to_char(A.excel_datm, 'YYYY-MM-DD HH24:MI:SS') as excel_datm
			,A.excel_id
			,A.excel_menu
			,A.excel_name
			,A.excel_ip
			,(select part_name from tbl_user_group 
				where part_depth = 1 
				and bpart_code = B.bpart_code) as bpart_name
			,(select part_name from tbl_user_group 
				where part_depth = 2 
				and bpart_code = B.bpart_code 
				and mpart_code = B.mpart_code) as mpart_name
			,(select part_name from tbl_user_group 
				where part_depth = 3 
				and bpart_code = B.bpart_code 
				and mpart_code = B.mpart_code 
				and spart_code = B.spart_code) as spart_name
		from tbl_excel_hist A
		left join tbl_user B on A.excel_id = B.user_id
		where A.excel_datm between (#{excel_date1} || ' 00:00:00.000')::timestamp and (#{excel_date2} || ' 23:59:59.997')::timestamp
		<if test='excel_id!=null and excel_id!=""'>
		and a.excel_id like #{excel_id} || '%'
		</if>
		<if test='excel_name!=null and excel_name!=""'>
		and a.excel_name like #{excel_name} || '%'
		</if>
		order by ${sort_idx} ${sort_dir}
	</select>
	
	<!-- excel저장 이력 저장 insertExcelHist -->
	<insert id="insertExcelHist" parameterType="map">
		/* excel저장 이력 저장 insertExcelHist */
		insert into tbl_excel_hist (
			excel_datm,excel_id,excel_menu,excel_name,excel_ip
		) values (
			current_timestamp(3)::timestamp,#{excel_id},#{excel_menu},#{excel_name},#{excel_ip}
		)
	</insert>
</mapper>