<?xml version="1.0" encoding="UTF-8"?>
<!DOCTYPE mapper PUBLIC "-//mybatis.org//DTD Mapper 3.0//EN" "http://mybatis.org/dtd/mybatis-3-mapper.dtd">

<mapper namespace="hist_user_change">

	<!-- 사용자 변경 이력 count selectCount -->
	<select id="selectCount" parameterType="map" resultType="map">
		/* 사용자 변경 이력 count selectCount */
		select 
			count(*)::int as tot_cnt
			,ceil(count(*) / ${top_cnt}::float) as page_cnt
		from tbl_user_change_hist
		where change_datm between (#{change_date1} || ' 00:00:00.000')::timestamp and (#{change_date2} || ' 23:59:59.997')::timestamp
		<if test='change_id!=null and change_id!=""'>
		and change_id like #{change_id} || '%'
		</if>
		<if test='change_name!=null and change_name!=""'>
		and change_name like #{change_name} || '%'
		</if>			
		<if test='user_id!=null and user_id!=""'>
		and user_id like #{user_id} || '%'
		</if>	
		<if test='user_name!=null and user_name!=""'>
		and user_name like #{user_name} || '%'
		</if>
		<if test='change_type!=null and change_type!=""'>
		and change_type = #{change_type}
		</if>
	</select>
	
	<!-- 사용자 변경 이력 조회 selectList -->
	<select id="selectList" parameterType="map" resultType="map">
		/* 사용자 변경 이력 조회 selectList */
		select 
			(${tot_cnt}-rownum+1) idx
			,*
		from (
			select 
				ROW_NUMBER() OVER(order by ${sort_idx} ${sort_dir}) as rownum
				,to_char(change_datm, 'YYYY-MM-DD HH24:MI:SS') as change_datm
				,change_type
				,(case change_type when 'I' then '등록'
								   when 'U' then '수정'
								   when 'D' then '삭제'
								   when 'L' then '잠금해제'
					else change_type end) as v_change_type
				,user_id
				,user_name
				,change_id
				,change_name
				,change_ip
				,coalesce(origin_level, '') as origin_level
				,coalesce(change_level, '') as change_level
				,fn_GetCodeName('USER_LEVEL',origin_level) as origin_level_desc
				,fn_GetCodeName('USER_LEVEL',change_level) as change_level_desc
			from tbl_user_change_hist
			where change_datm between (#{change_date1} || ' 00:00:00.000')::timestamp and (#{change_date2} || ' 23:59:59.997')::timestamp
			<if test='change_id!=null and change_id!=""'>
			and change_id like #{change_id} || '%'
			</if>
			<if test='change_name!=null and change_name!=""'>
			and change_name like #{change_name} || '%'
			</if>			
			<if test='user_id!=null and user_id!=""'>
			and user_id like #{user_id} || '%'
			</if>	
			<if test='user_name!=null and user_name!=""'>
			and user_name like #{user_name} || '%'
			</if>
			<if test='change_type!=null and change_type!=""'>
			and change_type = #{change_type}
			</if>
			order by ${sort_idx} ${sort_dir}
			limit ${top_cnt} offset (${start_cnt}-1)
		) U
	</select>
	
	<!-- 사용자 변경 이력 전체 조회 (엑셀다운로드) selectListAll -->
	<select id="selectListAll" parameterType="map" resultType="map">
		/* 사용자 변경 이력 전체 조회 (엑셀다운로드) selectListAll */
		select 
			to_char(change_datm, 'YYYY-MM-DD HH24:MI:SS') as change_datm
			,change_type
			,(case change_type when 'I' then '등록' 
							   when 'U' then '수정' 
							   when 'D' then '삭제' 
				else change_type end) as v_change_type
			,user_id
			,user_name
			,change_id
			,change_name
			,change_ip
			,coalesce(origin_level, '') as origin_level
			,coalesce(change_level, '') as change_level
			,fn_GetCodeName('USER_LEVEL', origin_level) as origin_level_desc
			,fn_GetCodeName('USER_LEVEL', change_level) as change_level_desc
		from tbl_user_change_hist
		where change_datm between (#{change_date1} || ' 00:00:00.000')::timestamp and (#{change_date2} || ' 23:59:59.997')::timestamp
		<if test='change_id!=null and change_id!=""'>
		and change_id like #{change_id} || '%'
		</if>
		<if test='change_name!=null and change_name!=""'>
		and change_name like #{change_name} || '%'
		</if>			
		<if test='user_id!=null and user_id!=""'>
		and user_id like #{user_id} || '%'
		</if>	
		<if test='user_name!=null and user_name!=""'>
		and user_name like #{user_name} || '%'
		</if>
		<if test='change_type!=null and change_type!=""'>
		and change_type = #{change_type}
		</if>
		order by ${sort_idx} ${sort_dir}
	</select>
	
	<!-- 사용자 변경 이력 저장 insertUserChangeHist -->
	<insert id="insertUserChangeHist" parameterType="map">
		/* 사용자 변경 이력 저장 insertUserChangeHist */
		insert into tbl_user_change_hist (
			change_datm,change_type,user_id,user_name,change_id,change_name,change_ip,origin_level,change_level
		) values (
			current_timestamp(3)::timestamp,#{change_type},#{user_id},#{user_name},#{change_id},#{change_name},#{change_ip},#{origin_level},#{change_level}
		)
	</insert>	
</mapper>