<?xml version="1.0" encoding="UTF-8"?>
<!DOCTYPE mapper PUBLIC "-//mybatis.org//DTD Mapper 3.0//EN" "http://mybatis.org/dtd/mybatis-3-mapper.dtd">

<mapper namespace="download">

<!-- :::::::::::::::::::::::::::::::::::::::::::::::::::::::::::::: INCLUDE ::::::::::::::::::::::::::::::::::::::::::::::::::::::::::::::  -->

<!-- ::::::::::::::::::::::::::::::::::::::::::::::::::::::::::::::  QUERY  ::::::::::::::::::::::::::::::::::::::::::::::::::::::::::::::  -->

	<!-- 첫번째 Download IP 조회 selectFirstItem -->
	<select id="selectFirstItem" parameterType="map" resultType="lowerMap">
		/* Download Ip 조회 selectFirstItem */
		select
		    seq as row_id,
			download_ip
		from Tbl_Download_Ip
		where rownum = 1
		order by seq asc
	</select>
	
	<!-- Download IP 목록 selectList -->
	<select id="selectList" parameterType="map" resultType="lowerMap">
		/* Download Ip 목록 selectList */
		select
			seq as row_id,
			download_ip
		from Tbl_Download_Ip
		where 1=1
		order by seq asc
	</select>
	
<!-- :::::::::::::::::::::::::::::::::::::::::::::::::::::::::::::: INSERT :::::::::::::::::::::::::::::::::::::::::::::::::::::::::::::::  -->
	
	<!-- Download IP 등록 insertCode -->
	<update id="insertDownloadIp" parameterType="map">
		/* Download Ip 목록 insertCode */
		insert into Tbl_Download_Ip
		(
			 download_ip
		)
		values
		(
			#{download_ip}
		)
	</update>
	
<!-- :::::::::::::::::::::::::::::::::::::::::::::::::::::::::::::: UPDATE :::::::::::::::::::::::::::::::::::::::::::::::::::::::::::::::  -->
	
	<!-- Download IP 업데이트 updateCode -->
	<update id="updateDownloadIp" parameterType="map">
		/* Download Ip 목록 updateCode */
		update Tbl_Download_Ip
			set download_ip = #{download_ip}
		where seq = #{seq}
	</update>

<!-- :::::::::::::::::::::::::::::::::::::::::::::::::::::::::::::: DELETE :::::::::::::::::::::::::::::::::::::::::::::::::::::::::::::::  -->
	
	<!-- Download IP 삭제 deleteCode -->
	<delete id="deleteDownloadIp" parameterType="string">
		/* Download Ip 목록 deleteCode */
		delete from Tbl_Download_Ip
		where seq = #{seq}
	</delete>
</mapper>