<?xml version="1.0" encoding="UTF-8"?>
<!DOCTYPE mapper PUBLIC "-//mybatis.org//DTD Mapper 3.0//EN" "http://mybatis.org/dtd/mybatis-3-mapper.dtd">

<mapper namespace="menu">

<!-- :::::::::::::::::::::::::::::::::::::::::::::::::::::::::::::: INCLUDE ::::::::::::::::::::::::::::::::::::::::::::::::::::::::::::::  -->

<!-- ::::::::::::::::::::::::::::::::::::::::::::::::::::::::::::::  QUERY  ::::::::::::::::::::::::::::::::::::::::::::::::::::::::::::::  -->

	<!-- 접근가능한 메뉴정보 조회 (로그인) selectMenuPerm -->
	<select id="selectMenuPerm" parameterType="map" resultType="lowerMap">
		/* 접근가능한 메뉴정보 조회 (로그인) selectMenuPerm */
		select 
			menu_code
			,parent_code
			,menu_name
			,menu_depth
			,menu_url
			,menu_icon
			,nvl(menu_etc,'') as menu_etc
		from tbl_menu
		where business_code = #{business_code}
		<![CDATA[
		and user_level >= #{user_level}
		]]>
		<if test='user_level_cd!=null and user_level_cd=="42057444"'>
			and PARENT_CODE not in ('1000')
		</if>
		and use_yn = '1'
		order by order_no asc
	</select>
	
	<!-- 메뉴 목록 selectList -->
	<select id="selectList" parameterType="map" resultType="lowerMap">
		/* 메뉴 목록 selectList */
		select 
			(tm.business_code || tm.menu_code) as row_id
			,tm.business_code
			,tm.menu_code
			,tm.user_level
			,tm.parent_code
			,tm.menu_name
			,tm.menu_depth
			,tm.menu_url
			,tm.menu_icon
			,nvl(tm.menu_etc, '') as menu_etc
			,tm.order_no
			,tm.use_yn
			,(select business_name from tbl_business
				where business_code = tm.business_code) as business_name
			,(case tm.menu_depth when 1 then '없음' 
				else (select menu_name from tbl_menu 
						where business_code = tm.business_code 
						and menu_code = tm.parent_code) end) as parent_name
			,fn_GetCodeName('USER_LEVEL', user_level) as user_level_desc
			,tm.user_level as origin_level
			,tm.use_yn as origin_yn
		from tbl_menu tm
		where 1=1
		<if test='business_code!=null and business_code!=""'>
		and tm.business_code = #{business_code}
		</if>
		<if test='parent_code!=null and parent_code!=""'>
		and tm.parent_code = #{parent_code}
		</if>
		<if test='menu_depth!=null and menu_depth!=""'>
		and tm.menu_depth = #{menu_depth}
		</if>
		<if test='user_level!=null and user_level!=""'>
		<![CDATA[
		and tm.user_level >= #{user_level}
		]]>
		</if>
		<if test='use_yn!=null and use_yn!=""'>
		and tm.use_yn = #{use_yn}
		</if>
		order by tm.business_code asc, tm.order_no asc
	</select>

<!-- :::::::::::::::::::::::::::::::::::::::::::::::::::::::::::::: INSERT :::::::::::::::::::::::::::::::::::::::::::::::::::::::::::::::  -->
	
	<!-- 메뉴 등록 insertMenu -->
	<update id="insertMenu" parameterType="map">
		insert into tbl_menu	/* 메뉴 등록 insertMenu */ 
		(
			business_code
			,menu_code
			,user_level
			,parent_code
			,menu_name
			,menu_depth
			,menu_url
			,menu_icon
			,menu_etc
			,order_no
			,use_yn
		)
		select 
			#{business_code}
			,menu_code
			,#{user_level}
			,(case '${parent_code}' when '_parent' then to_char(menu_code) 
				else '${parent_code}' end)
			,#{menu_name}
			,(case '${parent_code}' when '_parent' then 1 
				else 2 end)
			,#{menu_url}
			,#{menu_icon}
			,#{menu_etc}
			,substr(menu_code,1,2) || substr(menu_code,-1)
			,#{use_yn}
		from (
			<choose>
				<when test='parent_code=="_parent"'>
					select (nvl(max(menu_code), 0)+1000) as menu_code
					from tbl_menu
					where business_code = #{business_code} 
					and menu_depth = 1
				</when>
				<otherwise>
					select (nvl(max(menu_code), '${parent_code}')+1) as menu_code
					from tbl_menu
					where business_code = #{business_code} 
					and parent_code = #{parent_code} 
					and menu_depth = 2
				</otherwise>
			</choose>
		) U
	</update>

<!-- :::::::::::::::::::::::::::::::::::::::::::::::::::::::::::::: UPDATE :::::::::::::::::::::::::::::::::::::::::::::::::::::::::::::::  -->
	
	<!-- 메뉴 업데이트 updateMenu -->
	<update id="updateMenu" parameterType="map">
		/* 메뉴 업데이트 updateMenu */
		update tbl_menu
		<set>
			<if test='user_level!=null and user_level!=""'>user_level = #{user_level},</if>
			<if test='menu_name!=null and menu_name!=""'>menu_name = #{menu_name},</if>
			<if test='menu_url!=null and menu_url!=""'>menu_url = #{menu_url},</if>
			<if test='menu_icon!=null and menu_icon!=""'>menu_icon = #{menu_icon},</if>
			<if test='menu_etc!=null'>menu_etc = #{menu_etc},</if>
			<if test='order_no!=null and order_no!=""'>order_no = #{order_no},</if>
			<if test='use_yn!=null and use_yn!=""'>use_yn = #{use_yn},</if>
		</set>
		where business_code = #{business_code} 
		and menu_code = #{menu_code}
	</update>
	
	<!-- 하위 메뉴 비활성화 updateParentMenu -->
	<update id="updateParentMenu" parameterType="map">
		/* 하위 메뉴 비활성화 updateParentMenu */
		update tbl_menu
		<set>
			use_yn = '0'
		</set>
		where business_code = #{business_code}
		and parent_code = #{menu_code}
	</update>	

<!-- :::::::::::::::::::::::::::::::::::::::::::::::::::::::::::::: DELETE :::::::::::::::::::::::::::::::::::::::::::::::::::::::::::::::  -->
	
	<!-- 메뉴 삭제 (하위 메뉴가 없는 경우만 삭제됨) deleteMenu -->
	<delete id="deleteMenu" parameterType="map">
		/* 메뉴 삭제 (하위 메뉴가 없는 경우만 삭제됨) deleteMenu */
		delete from tbl_menu
		where business_code = #{business_code} 
		and menu_code = #{menu_code} 
		and (select menu_code from tbl_menu A 
				where A.parent_code = tbl_menu.menu_code 
				and A.menu_depth = tbl_menu.menu_depth+1
				and rownum = 1
		) is null
	</delete>
	
</mapper>