<?xml version="1.0" encoding="UTF-8"?>
<!DOCTYPE mapper PUBLIC "-//mybatis.org//DTD Mapper 3.0//EN" "http://mybatis.org/dtd/mybatis-3-mapper.dtd">

<mapper namespace="stat_user">
	<!-- 상담원별 통계 > 평가점수(차수세로) -->
	<select id="selectList" parameterType="map" resultType="map">
		select user_id, max(user_name) user_name, bpart_code, mpart_code, spart_code, max(bpart_name) bpart_name, max(mpart_name) mpart_name, max(spart_name) spart_name
			, count(*) tot_eval_cnt
			, sum(eval_score) tot_eval_score, sum(exam_score) tot_exam_score, sum(add_score) tot_add_score
			, sum(case eval_rate_code when '1' then 1 else 0 end) tot_best_cnt
			, sum(case eval_rate_code when '2' then 1 else 0 end) tot_worst_cnt
		from tbl_eval_event_result_list A WITH(NOLOCK)
		where eval_status = '9' --평가완료
			and event_code in (select event_code from tbl_eval_event WITH(NOLOCK) where event_status='5') --마감
			<if test='eval_date1!=null and eval_date1!=""'>
				and regi_datm >= convert(datetime, #{eval_date1} + ' 00:00:00.000')
			</if>
			<if test='eval_date2!=null and eval_date2!=""'>
				 and convert(datetime, #{eval_date2} + ' 23:59:59.997') >= regi_datm
			</if>
			<if test='event_code!=null and event_code!=""'>
				and event_code=#{event_code}
			</if>
			<if test='sheet_code!=null and sheet_code!=""'>
				and sheet_code=#{sheet_code}
			</if>
			<if test='bpart_code!=null and bpart_code!=""'>
				and bpart_code=#{bpart_code}
			</if>
			<if test='mpart_code!=null and mpart_code!=""'>
				and mpart_code=#{mpart_code}
			</if>
			<if test='spart_code!=null and spart_code!=""'>
				and spart_code=#{spart_code}
			</if>
			<if test='eval_user_name!=null and eval_user_name!=""'>
				and eval_user_name like #{eval_user_name} + '%'
			</if>
			<if test='user_name!=null and user_name!=""'>
				and user_name like #{user_name} + '%'
			</if>
		group by user_id, bpart_code , mpart_code, spart_code, eval_order
		order by ${sort_idx} ${sort_dir}
	</select>

	<!-- 상담원별 통계 > 평가점수(차수가로) -->
	<select id="selectListAllOrder" parameterType="map" resultType="map">
		select user_id, max(user_name) user_name, bpart_code, mpart_code, spart_code, max(bpart_name) bpart_name, max(mpart_name) mpart_name, max(spart_name) spart_name
			, sum(tot_eval_cnt) tot_eval_cnt
			, max(cnt1) cnt1, max(cnt2) cnt2, max(cnt3) cnt3, max(cnt4) cnt4, max(cnt5) cnt5
			, max(sum1) sum1, max(sum2) sum2, max(sum3) sum3, max(sum4) sum4, max(sum5) sum5
			, sum(tot_eval_score) tot_eval_score, sum(tot_exam_score) tot_exam_score, sum(tot_add_score) tot_add_score
			, sum(tot_best_cnt) tot_best_cnt, sum(tot_worst_cnt) tot_worst_cnt
		from (
			select user_id, max(user_name) user_name, bpart_code, mpart_code, spart_code, max(bpart_name) bpart_name, max(mpart_name) mpart_name, max(spart_name) spart_name
				, count(*) tot_eval_cnt
				, sum(eval_score) tot_eval_score, sum(exam_score) tot_exam_score, sum(add_score) tot_add_score
				, sum(case eval_rate_code when '1' then 1 else 0 end) tot_best_cnt
				, sum(case eval_rate_code when '2' then 1 else 0 end) tot_worst_cnt

				, case eval_order when 1 then count(*) else 0 end cnt1
				, case eval_order when 2 then count(*) else 0 end cnt2
				, case eval_order when 3 then count(*) else 0 end cnt3
				, case eval_order when 4 then count(*) else 0 end cnt4
				, case eval_order when 5 then count(*) else 0 end cnt5

				, case eval_order when 1 then sum(eval_score) else 0 end sum1
				, case eval_order when 2 then sum(eval_score) else 0 end sum2
				, case eval_order when 3 then sum(eval_score) else 0 end sum3
				, case eval_order when 4 then sum(eval_score) else 0 end sum4
				, case eval_order when 5 then sum(eval_score) else 0 end sum5
			from tbl_eval_event_result_list A WITH(NOLOCK)
			where eval_status = '9' --평가완료
				and event_code in (select event_code from tbl_eval_event WITH(NOLOCK) where event_status='5') --마감
				<if test='eval_date1!=null and eval_date1!=""'>
					and regi_datm >= convert(datetime, #{eval_date1} + ' 00:00:00.000')
				</if>
				<if test='eval_date2!=null and eval_date2!=""'>
					 and convert(datetime, #{eval_date2} + ' 23:59:59.997') >= regi_datm
				</if>
				<if test='event_code!=null and event_code!=""'>
					and event_code=#{event_code}
				</if>
				<if test='sheet_code!=null and sheet_code!=""'>
					and sheet_code=#{sheet_code}
				</if>
				<if test='bpart_code!=null and bpart_code!=""'>
					and bpart_code=#{bpart_code}
				</if>
				<if test='mpart_code!=null and mpart_code!=""'>
					and mpart_code=#{mpart_code}
				</if>
				<if test='spart_code!=null and spart_code!=""'>
					and spart_code=#{spart_code}
				</if>
				<if test='eval_user_name!=null and eval_user_name!=""'>
					and eval_user_name like #{eval_user_name} + '%'
				</if>
				<if test='user_name!=null and user_name!=""'>
					and user_name like #{user_name} + '%'
				</if>
			group by user_id, bpart_code , mpart_code, spart_code, eval_order
		) AA
		group by user_id, bpart_code , mpart_code, spart_code
		order by ${sort_idx} ${sort_dir}
	</select>

	<!-- 상담원별 통계 > 평가항목 -->
	<select id="selectListItem" parameterType="map" resultType="map">
		select user_id, max(user_name) user_name, eval_order, bpart_code, mpart_code, spart_code, max(bpart_name) bpart_name, max(mpart_name) mpart_name, max(spart_name) spart_name
			, count(*) tot_eval_cnt
			, sum(eval_score) tot_eval_score, sum(exam_score) tot_exam_score, sum(add_score) tot_add_score
			, sum(case eval_rate_code when '1' then 1 else 0 end) tot_best_cnt
			, sum(case eval_rate_code when '2' then 1 else 0 end) tot_worst_cnt
		from tbl_eval_event_result_list A WITH(NOLOCK)
		where eval_status = '9'
			and event_code in (select event_code from tbl_eval_event WITH(NOLOCK) where event_status='5')
			<if test='eval_date1!=null and eval_date1!=""'>
				and regi_datm >= convert(datetime, #{eval_date1} + ' 00:00:00.000')
			</if>
			<if test='eval_date2!=null and eval_date2!=""'>
				 and convert(datetime, #{eval_date2} + ' 23:59:59.997') >= regi_datm
			</if>
			<if test='event_code!=null and event_code!=""'>
				and event_code=#{event_code}
			</if>
			<if test='sheet_code!=null and sheet_code!=""'>
				and sheet_code=#{sheet_code}
			</if>
			<if test='bpart_code!=null and bpart_code!=""'>
				and bpart_code=#{bpart_code}
			</if>
			<if test='mpart_code!=null and mpart_code!=""'>
				and mpart_code=#{mpart_code}
			</if>
			<if test='spart_code!=null and spart_code!=""'>
				and spart_code=#{spart_code}
			</if>
			<if test='eval_user_name!=null and eval_user_name!=""'>
				and eval_user_name like #{eval_user_name} + '%'
			</if>
			<if test='user_name!=null and user_name!=""'>
				and user_name like #{user_name} + '%'
			</if>
		group by user_id, bpart_code , mpart_code, spart_code, eval_order
		order by ${sort_idx} ${sort_dir}
	</select>

</mapper>