<?xml version="1.0" encoding="UTF-8"?>
<!DOCTYPE mapper PUBLIC "-//mybatis.org//DTD Mapper 3.0//EN" "http://mybatis.org/dtd/mybatis-3-mapper.dtd">

<mapper namespace="business">

<!-- :::::::::::::::::::::::::::::::::::::::::::::::::::::::::::::: INCLUDE ::::::::::::::::::::::::::::::::::::::::::::::::::::::::::::::  -->

<!-- ::::::::::::::::::::::::::::::::::::::::::::::::::::::::::::::  QUERY  ::::::::::::::::::::::::::::::::::::::::::::::::::::::::::::::  -->

	<!-- 첫번째 업무 코드 조회 selectFirstItem -->
	<select id="selectFirstItem" parameterType="map" resultType="map">
		/* 첫번째 업무 코드 조회 selectFirstItem */
		select top 1 
			business_code
			,business_name
			,use_yn
		from tbl_business WITH(NOLOCK)
		where use_yn = '1'
		order by business_code asc
	</select>
	
	<!-- 업무 코드 목록 selectList -->
	<select id="selectList" parameterType="map" resultType="map">
		/* 업무 코드 목록 selectList */
		select 
			business_code
			,business_name
			,use_yn
		from tbl_business WITH(NOLOCK)
		where 1=1
		<if test='use_yn!=null and use_yn!=""'>
			and use_yn = #{use_yn}
		</if>
		order by business_code asc
	</select>
	
<!-- :::::::::::::::::::::::::::::::::::::::::::::::::::::::::::::: INSERT :::::::::::::::::::::::::::::::::::::::::::::::::::::::::::::::  -->
	
	<!-- 업무 코드 등록 insertCode -->
	<insert id="insertCode" parameterType="map">
		/* 업무 코드 등록 insertCode */
		insert into tbl_business (
			business_code,business_name,use_yn
		)
		select 
			replicate('0', 2-len(business_code)) + convert(varchar,business_code) as business_code
			,#{business_name}
			, #{use_yn}
		from (
			select 
				isnull(max(business_code)+1,1) as business_code
			from tbl_business WITH(NOLOCK)
		) U
	</insert>

<!-- :::::::::::::::::::::::::::::::::::::::::::::::::::::::::::::: UPDATE :::::::::::::::::::::::::::::::::::::::::::::::::::::::::::::::  -->
	
	<!-- 업무 코드 업데이트 updateCode -->
	<update id="updateCode" parameterType="map">
		/* 업무 코드 업데이트 updateCode */
		update tbl_business 
			set business_name = #{business_name}
		where business_code = #{business_code}
	</update>

<!-- :::::::::::::::::::::::::::::::::::::::::::::::::::::::::::::: DELETE :::::::::::::::::::::::::::::::::::::::::::::::::::::::::::::::  -->
	
	<!-- 업무 코드 삭제 (하위 코드가 없는 경우만 삭제됨) deleteCode -->
	<delete id="deleteCode" parameterType="string">
		/* 업무 코드 삭제 deleteCode */
		delete from tbl_business 
		where business_code = #{business_code}
	</delete>
	
</mapper>