<?xml version="1.0" encoding="UTF-8"?>
<!DOCTYPE mapper PUBLIC "-//mybatis.org//DTD Mapper 3.0//EN" "http://mybatis.org/dtd/mybatis-3-mapper.dtd">

<mapper namespace="stt">

<!-- :::::::::::::::::::::::::::::::::::::::::::::::::::::::::::::: INCLUDE ::::::::::::::::::::::::::::::::::::::::::::::::::::::::::::::  -->

<!-- ::::::::::::::::::::::::::::::::::::::::::::::::::::::::::::::  QUERY  ::::::::::::::::::::::::::::::::::::::::::::::::::::::::::::::  -->

	<!-- 내선번호, 아이피 중복체크 selectDuplicateCheck -->
	<select id="selectDuplicateCheck" parameterType="map" resultType="string">
		/* 내선번호, 아이피 중복체크 selectDuplicateCheck */
		<![CDATA[
		select 
			case when sum(dup_num_cnt)>0 and sum(dup_ip_cnt)>0 then 'DUP_PHONE_NUM_IP'
				 when sum(dup_num_cnt)>0 and sum(dup_ip_cnt)<1 then 'DUP_PHONE_NUM'
				 when sum(dup_num_cnt)<1 and sum(dup_ip_cnt)>0 then 'DUP_PHONE_IP'
				else 'OK' end as result_code
		from 
		(
			select 
				count(*) as dup_num_cnt
				,0 as dup_ip_cnt
			from crec_ip_info_stt WITH(NOLOCK)
			where phone_num = #{phone_num} 
			and phone_num != #{org_phone_num}
			union all
			select 
				0 as dup_num_cnt
				,count(*) as dup_ip_cnt
			from crec_ip_info_stt WITH(NOLOCK)
			where phone_num != #{org_phone_num} 
			and phone_ip = #{phone_ip}
		) U
		]]>
	</select>

	<!-- STT TX, RX 자동 생성 형식 trxPortForm -->
	<select id="trxPortForm" parameterType="map" resultType="map">
		/* STT TX, RX 자동 생성 형식 trxPortForm */
		select 
			(channel * 10 + 10000) as txPort
			,(channel * 10 + 20000) as rxPort
		from crec_ip_info WITH(NOLOCK)
		where 1=1
		and phone_num = #{phone_num} 
	</select>
	
	<!-- STT 정보 조회 selectList -->
	<select id="selectList" parameterType="map" resultType="map">
		/* STT 정보 조회 selectList */
		select 
			(system_code+'_'+phone_num) as row_id
			,phone_num
			,system_code
			,phone_ip
			,channel
			,tn_num
			,tx
			,rx
			,phone_num as org_phone_num
			,system_code as org_system_code
		from crec_ip_info_stt WITH(NOLOCK)
		where 1=1
		order by system_code asc, phone_num asc
	</select>

<!-- :::::::::::::::::::::::::::::::::::::::::::::::::::::::::::::: INSERT :::::::::::::::::::::::::::::::::::::::::::::::::::::::::::::::  -->	
	
	<!-- STT 정보 등록 insertStt -->
	<insert id="insertStt" parameterType="map">
		/* STT 정보 등록 insertStt */
		insert into crec_ip_info_stt (
			phone_num, system_code, phone_ip, channel, tn_num, tx, rx
		) values (
			#{phone_num}, #{system_code}, #{phone_ip}, #{channel}, #{tn_num}, #{tx}, #{rx}
		)
	</insert>

<!-- :::::::::::::::::::::::::::::::::::::::::::::::::::::::::::::: UPDATE :::::::::::::::::::::::::::::::::::::::::::::::::::::::::::::::  -->
	
	<!-- STT 정보 수정 updateStt -->
	<update id="updateStt" parameterType="map">
		/* STT 정보 수정 updateStt */
		update crec_ip_info_stt
		<set>
			<if test='phone_num!=null and phone_num!=""'>phone_num = #{phone_num},</if>
			<if test='system_code!=null and system_code!=""'>system_code = #{system_code},</if>
			<if test='phone_ip!=null and phone_ip!=""'>phone_ip = #{phone_ip},</if>
			channel = #{channel}
			,tn_num = #{tn_num}
			,tx = #{tx}
			,rx = #{rx}
		</set>
		where phone_num = #{org_phone_num}
		and system_code = #{org_system_code}
	</update>
	
<!-- :::::::::::::::::::::::::::::::::::::::::::::::::::::::::::::: DELETE :::::::::::::::::::::::::::::::::::::::::::::::::::::::::::::::  -->
	
	<!-- STT 정보 삭제 deleteStt -->
	<delete id="deleteStt" parameterType="map">
		/* STT 정보 삭제 deleteStt */
		delete from crec_ip_info_stt 
		where phone_num = #{phone_num}
		and system_code = #{system_code}
	</delete>
	
</mapper>