<?xml version="1.0" encoding="UTF-8"?>
<!DOCTYPE mapper PUBLIC "-//mybatis.org//DTD Mapper 3.0//EN" "http://mybatis.org/dtd/mybatis-3-mapper.dtd">

<mapper namespace="work_group">

<!-- :::::::::::::::::::::::::::::::::::::::::::::::::::::::::::::: INCLUDE ::::::::::::::::::::::::::::::::::::::::::::::::::::::::::::::  -->

<!-- ::::::::::::::::::::::::::::::::::::::::::::::::::::::::::::::  QUERY  ::::::::::::::::::::::::::::::::::::::::::::::::::::::::::::::  -->
	<!-- 사용자 그룹 목록 조회 selectList -->
	<select id="selectList" parameterType="map" resultType="map">
		/* 사용자 상담유형 목록 조회 selectList */
		select 
			(bpart_code+mpart_code+spart_code) as row_id
			,bpart_code
			,mpart_code
			,spart_code
			,part_depth
			,part_name
			,delete_day
			,isnull(part_etc,'') as part_etc
			,use_yn
		<if test='work_part_depth!=null and work_part_depth!=""'>
			<choose>
				<when test='work_part_depth=="1"'>, bpart_code as part_code</when>
				<when test='work_part_depth=="2"'>, mpart_code as part_code</when>
				<when test='work_part_depth=="3"'>, spart_code as part_code</when>
			</choose>
		</if>
		from tbl_work_group WITH(NOLOCK)
		where 1=1
		<if test='use_yn!=null and use_yn!=""'>
			and use_yn = #{use_yn}
		</if>
		<if test='business_code!=null and business_code!=""'>
			and business_code = #{business_code}
		</if>
		<if test='work_bpart_code!=null and work_bpart_code!=""'>
			and bpart_code = #{work_bpart_code}
		</if>
		<if test='work_mpart_code!=null and work_mpart_code!=""'>
			and mpart_code = #{work_mpart_code}
		</if>
		<if test='work_spart_code!=null and work_spart_code!=""'>
			and spart_code = #{work_spart_code}
		</if>
		<if test='work_part_depth!=null and work_part_depth!=""'>
			and part_depth = #{work_part_depth}
		</if>
		order by row_id asc
	</select>

	<!-- 사용자 조직도 목록 조회 selectPartCode -->
	<select id="selectPartCode" parameterType="map" resultType="map">
		/* 사용자 상담유형 목록 조회 selectPartCode */
		select 
			(bpart_code+mpart_code+spart_code) as row_id
			,bpart_code
			,mpart_code
			,spart_code
			,part_depth
			,part_name
			,isnull(part_etc, '') as part_etc
			,use_yn
		<choose>
			<when test='part_depth=="1"'>, bpart_code as part_code</when>
			<when test='part_depth=="2"'>, mpart_code as part_code</when>
			<when test='part_depth>="3"'>, spart_code as part_code</when>
		</choose>
		from tbl_work_group WITH(NOLOCK)
		where use_yn = '1'
		and business_code = #{business_code}
		and part_depth = #{part_depth}
		<if test='(work_part_depth>1 and work_bpart_code!=null and work_bpart_code!="")'>
			and bpart_code = #{bpart_code}
		</if>
		<if test='(work_part_depth>2 and work_mpart_code!=null and work_mpart_code!="")'>
			and mpart_code = #{mpart_code}
		</if>
		<if test='(work_part_depth>3 and work_spart_code!=null and work_spart_code!="") '>
			and spart_code = #{spart_code}
		</if>
		order by row_id asc
	</select>
</mapper>